nft_receiver,team,raw_amount,amount,block_time,tx_hash
\x273d4e93eeef5a494206c072fff70f6ea7d7afc4,Team C,1.00E+24,1000000,2022-05-06 13:18,\x5a365771d25b3223db1f43188644bd8d7cc82302f6a9e20a877422f837421750
\x77f7f8c188b3590ffa6426536b199fd84416d667,Team A,1E+20,100,2022-05-06 14:54,\x5de2508f3a79abc1769bb2c085ad03b36432999f3ef050373b12811422f79768
\x765ce21d34164b4ef7b362c3835f60a711b5f554,Team A,1E+20,100,2022-05-06 14:54,\x5de2508f3a79abc1769bb2c085ad03b36432999f3ef050373b12811422f79768
\x75627e9cd1af20f0cac03d127fbd0653d906c3b6,Team A,1E+20,100,2022-05-06 14:54,\x5de2508f3a79abc1769bb2c085ad03b36432999f3ef050373b12811422f79768
\x7342e456947e56250d2851ff467fa7743ccd9fbf,Team A,1E+20,100,2022-05-06 14:54,\x5de2508f3a79abc1769bb2c085ad03b36432999f3ef050373b12811422f79768
\x73018f39c3b9652601ea12bd7f42f3f921198c4a,Team A,1E+20,100,2022-05-06 14:54,\x5de2508f3a79abc1769bb2c085ad03b36432999f3ef050373b12811422f79768
\x730032e237da98b513203477fae4fa3b9b34836c,Team A,1E+20,100,2022-05-06 14:54,\x5de2508f3a79abc1769bb2c085ad03b36432999f3ef050373b12811422f79768
\x726d07ea7b1983f35055bb288af78e7480bd1242,Team A,1E+20,100,2022-05-06 14:54,\x5de2508f3a79abc1769bb2c085ad03b36432999f3ef050373b12811422f79768
\x70e7f221951441b5fbb5b633927790be4528ac08,Team A,1E+20,100,2022-05-06 14:54,\x5de2508f3a79abc1769bb2c085ad03b36432999f3ef050373b12811422f79768
\x708d15d6b33b588a38fc9a822ea52b4a4c0f2894,Team A,1E+20,100,2022-05-06 14:54,\x5de2508f3a79abc1769bb2c085ad03b36432999f3ef050373b12811422f79768
\x6fb3071447c444e51f7b282a76f06f811e21d3ec,Team A,1E+20,100,2022-05-06 14:54,\x5de2508f3a79abc1769bb2c085ad03b36432999f3ef050373b12811422f79768
\x6f25320321e0fcc6cefea38c8504f127812ef7ad,Team A,1E+20,100,2022-05-06 14:54,\x5de2508f3a79abc1769bb2c085ad03b36432999f3ef050373b12811422f79768
\x6e2a2acc7253d38e0891f439a9815bed3771e305,Team A,1E+20,100,2022-05-06 14:54,\x5de2508f3a79abc1769bb2c085ad03b36432999f3ef050373b12811422f79768
\x6d6ed67479d02d63a4a0f111a6d76ff93bb2d23d,Team A,1E+20,100,2022-05-06 14:54,\x5de2508f3a79abc1769bb2c085ad03b36432999f3ef050373b12811422f79768
\x6c9228b29795802374855eb8be3a086aa11a5aa5,Team A,1E+20,100,2022-05-06 14:54,\x5de2508f3a79abc1769bb2c085ad03b36432999f3ef050373b12811422f79768
\x6c74be8d04fa2243ecdec2a28253719d5710bc81,Team A,1E+20,100,2022-05-06 14:54,\x5de2508f3a79abc1769bb2c085ad03b36432999f3ef050373b12811422f79768
\x6c00522bd7f6253cd002c02a6bee95c8c775da45,Team A,1E+20,100,2022-05-06 14:54,\x5de2508f3a79abc1769bb2c085ad03b36432999f3ef050373b12811422f79768
\x6bcfb1f96a3d270f00deab39fd50e78096576113,Team A,1E+20,100,2022-05-06 14:54,\x5de2508f3a79abc1769bb2c085ad03b36432999f3ef050373b12811422f79768
\x6b73f2b5ddf22a3e190893bbd83e2f0a882a7dac,Team A,1E+20,100,2022-05-06 14:54,\x5de2508f3a79abc1769bb2c085ad03b36432999f3ef050373b12811422f79768
\x6af6d4c57b3d48d614ecc52f6c25242783dec71a,Team A,1E+20,100,2022-05-06 14:54,\x5de2508f3a79abc1769bb2c085ad03b36432999f3ef050373b12811422f79768
\x6aeea1aee1559640b066fd2b49933987a4267f5f,Team A,1E+20,100,2022-05-06 14:54,\x5de2508f3a79abc1769bb2c085ad03b36432999f3ef050373b12811422f79768
\x6a9ee69b6781c18164ee9f7c58f1763bcffc7c51,Team A,1E+20,100,2022-05-06 14:54,\x5de2508f3a79abc1769bb2c085ad03b36432999f3ef050373b12811422f79768
\x697d13930a51a7a9dede42e48fcb0b7043918917,Team A,1E+20,100,2022-05-06 14:54,\x5de2508f3a79abc1769bb2c085ad03b36432999f3ef050373b12811422f79768
\x687670e9c58526d673aa22d6ab355d952819afdf,Team A,1E+20,100,2022-05-06 14:54,\x5de2508f3a79abc1769bb2c085ad03b36432999f3ef050373b12811422f79768
\x67759ab4d897093deb1c036e74824df0f75fdfe4,Team A,1E+20,100,2022-05-06 14:54,\x5de2508f3a79abc1769bb2c085ad03b36432999f3ef050373b12811422f79768
\x664fd1a25eca57a02cc1d8249dee839b9fd7f755,Team A,1E+20,100,2022-05-06 14:54,\x5de2508f3a79abc1769bb2c085ad03b36432999f3ef050373b12811422f79768
\x66342cdb636aba7b1ccc2f95efabbc7ba3b1947d,Team A,1E+20,100,2022-05-06 14:54,\x5de2508f3a79abc1769bb2c085ad03b36432999f3ef050373b12811422f79768
\x6629db6b40057e29d0593d895a350df94dc1e99a,Team A,1E+20,100,2022-05-06 14:54,\x5de2508f3a79abc1769bb2c085ad03b36432999f3ef050373b12811422f79768
\x65c13724928ea0afa68e09c7b70449bb8f6f3fc8,Team A,1E+20,100,2022-05-06 14:54,\x5de2508f3a79abc1769bb2c085ad03b36432999f3ef050373b12811422f79768
\x65a7de07f2df7564421b3a942cb0699b357b91ce,Team A,1E+20,100,2022-05-06 14:54,\x5de2508f3a79abc1769bb2c085ad03b36432999f3ef050373b12811422f79768
\x639fad44e324329a726cc1845a4b7f3ab2ac1dab,Team A,1E+20,100,2022-05-06 14:54,\x5de2508f3a79abc1769bb2c085ad03b36432999f3ef050373b12811422f79768
\x6339a73610969b50f0b91122bb90e231046b112f,Team A,1E+20,100,2022-05-06 14:54,\x5de2508f3a79abc1769bb2c085ad03b36432999f3ef050373b12811422f79768
\x62ec589cc2a82816599a7c6f9d145a62d90c17cb,Team A,1E+20,100,2022-05-06 14:54,\x5de2508f3a79abc1769bb2c085ad03b36432999f3ef050373b12811422f79768
\x62c3852419a71d70ff05fdef83cddabde533b3e4,Team A,1E+20,100,2022-05-06 14:54,\x5de2508f3a79abc1769bb2c085ad03b36432999f3ef050373b12811422f79768
\x621bc3df852e42e04196bc150d5ae92dc11d4d8e,Team A,1E+20,100,2022-05-06 14:54,\x5de2508f3a79abc1769bb2c085ad03b36432999f3ef050373b12811422f79768
\x617c716cd4eef3d20d5a0cacac9518647bb19173,Team A,1E+20,100,2022-05-06 14:54,\x5de2508f3a79abc1769bb2c085ad03b36432999f3ef050373b12811422f79768
\x616c9f0aaa13d3587b9fe6f513df62522f7d900c,Team A,1E+20,100,2022-05-06 14:54,\x5de2508f3a79abc1769bb2c085ad03b36432999f3ef050373b12811422f79768
\x6131b31607dc3e26fc28e46fa21b958c2b2b215e,Team A,1E+20,100,2022-05-06 14:54,\x5de2508f3a79abc1769bb2c085ad03b36432999f3ef050373b12811422f79768
\x5fe9a92531fe648666551a6cbae2a7b817249c52,Team A,1E+20,100,2022-05-06 14:54,\x5de2508f3a79abc1769bb2c085ad03b36432999f3ef050373b12811422f79768
\x5fb811a8bbcaf5f9d9b503ee045e25ad7e3d90f4,Team A,1E+20,100,2022-05-06 14:54,\x5de2508f3a79abc1769bb2c085ad03b36432999f3ef050373b12811422f79768
\x5de853cb6813f9aefd25635776139d8c0aaaf77a,Team A,1E+20,100,2022-05-06 14:54,\x5de2508f3a79abc1769bb2c085ad03b36432999f3ef050373b12811422f79768
\x5dbd467fed615a72ef9abd63f969fe4856f0c9d6,Team A,1E+20,100,2022-05-06 14:54,\x5de2508f3a79abc1769bb2c085ad03b36432999f3ef050373b12811422f79768
\x5d0cbf3abc8701706b36179bcdb0409aa1e44640,Team A,1E+20,100,2022-05-06 14:54,\x5de2508f3a79abc1769bb2c085ad03b36432999f3ef050373b12811422f79768
\x5cfc0af2db55938b879c5be94d0cd860ec2db029,Team A,1E+20,100,2022-05-06 14:54,\x5de2508f3a79abc1769bb2c085ad03b36432999f3ef050373b12811422f79768
\x5bffcd8f4809e29bcace4c9c21e0c3b6963ecec1,Team A,1E+20,100,2022-05-06 14:54,\x5de2508f3a79abc1769bb2c085ad03b36432999f3ef050373b12811422f79768
\x5b9f0eef7bfbd54ba21cd7409bbdfef12136421a,Team A,1E+20,100,2022-05-06 14:54,\x5de2508f3a79abc1769bb2c085ad03b36432999f3ef050373b12811422f79768
\x5a154e29580fddc7f22241eb72066bc25b405044,Team A,1E+20,100,2022-05-06 14:54,\x5de2508f3a79abc1769bb2c085ad03b36432999f3ef050373b12811422f79768
\x580e63816efc25f4effb6cc4386f766ba33dca2c,Team A,1E+20,100,2022-05-06 14:54,\x5de2508f3a79abc1769bb2c085ad03b36432999f3ef050373b12811422f79768
\x56d53a4402a7b8f4ad027cfb421ff60e865f665b,Team A,1E+20,100,2022-05-06 14:54,\x5de2508f3a79abc1769bb2c085ad03b36432999f3ef050373b12811422f79768
\x56b64647b164cab358263ac6be9b418f64ec0709,Team A,1E+20,100,2022-05-06 14:54,\x5de2508f3a79abc1769bb2c085ad03b36432999f3ef050373b12811422f79768
\x56ade75750b3b0f7629e77869b178e2edd360f29,Team A,1E+20,100,2022-05-06 14:54,\x5de2508f3a79abc1769bb2c085ad03b36432999f3ef050373b12811422f79768
\x559f046932523496a9e8a22372121936706f5633,Team A,1E+20,100,2022-05-06 14:54,\x5de2508f3a79abc1769bb2c085ad03b36432999f3ef050373b12811422f79768
\x557364ba5df09db866cb81578d14a91698296f7c,Team A,1E+20,100,2022-05-06 14:54,\x5de2508f3a79abc1769bb2c085ad03b36432999f3ef050373b12811422f79768
\x542af4dda22ae22bae41ea32fafcfb6af00d8ac5,Team A,1E+20,100,2022-05-06 14:54,\x5de2508f3a79abc1769bb2c085ad03b36432999f3ef050373b12811422f79768
\x517e6e444fb0e565cf07597e8fc692b2c05e8bda,Team A,1E+20,100,2022-05-06 14:54,\x5de2508f3a79abc1769bb2c085ad03b36432999f3ef050373b12811422f79768
\x508f1b6c5eb1e0f9d48795c848d87288bae13a46,Team A,1E+20,100,2022-05-06 14:54,\x5de2508f3a79abc1769bb2c085ad03b36432999f3ef050373b12811422f79768
\x5055deface85f86112e31a2b9694e1f0e9e23961,Team A,1E+20,100,2022-05-06 14:54,\x5de2508f3a79abc1769bb2c085ad03b36432999f3ef050373b12811422f79768
\x4fe6b9c2f4f42cc96ac38d7e7404a876e18879d5,Team A,1E+20,100,2022-05-06 14:54,\x5de2508f3a79abc1769bb2c085ad03b36432999f3ef050373b12811422f79768
\x4ebe8dddbeac2dea6dfbb77d48a4d84c96d2dcf1,Team A,1E+20,100,2022-05-06 14:54,\x5de2508f3a79abc1769bb2c085ad03b36432999f3ef050373b12811422f79768
\x4eb68ecf77639e64c9ed0826978940fec1be9f3f,Team A,1E+20,100,2022-05-06 14:54,\x5de2508f3a79abc1769bb2c085ad03b36432999f3ef050373b12811422f79768
\x4d8bd62c7cb6769795410c5d1209cc09bfe16c60,Team A,1E+20,100,2022-05-06 14:54,\x5de2508f3a79abc1769bb2c085ad03b36432999f3ef050373b12811422f79768
\x4cf5db7f72766df7fa9495f5afb1e0b4a94c3978,Team A,1E+20,100,2022-05-06 14:54,\x5de2508f3a79abc1769bb2c085ad03b36432999f3ef050373b12811422f79768
\x4b554240d58a9d75326f8031b7087903034e66fc,Team A,1E+20,100,2022-05-06 14:54,\x5de2508f3a79abc1769bb2c085ad03b36432999f3ef050373b12811422f79768
\x4a60a526c642ce63cf3af8ff68b3f5f222611fbe,Team A,1E+20,100,2022-05-06 14:54,\x5de2508f3a79abc1769bb2c085ad03b36432999f3ef050373b12811422f79768
\x4a2dd4b190b6dee6939709278b659ed5ffcb9d92,Team A,1E+20,100,2022-05-06 14:54,\x5de2508f3a79abc1769bb2c085ad03b36432999f3ef050373b12811422f79768
\x489ef5fc27e7bbfa4cfa1c8d5ec197da3d1bae54,Team A,1E+20,100,2022-05-06 14:54,\x5de2508f3a79abc1769bb2c085ad03b36432999f3ef050373b12811422f79768
\x4614267ee9e61ed08b91607f90ab9553eba2a559,Team A,1E+20,100,2022-05-06 14:54,\x5de2508f3a79abc1769bb2c085ad03b36432999f3ef050373b12811422f79768
\x45e89079fa328095804e37f9cccec43780326c3b,Team A,1E+20,100,2022-05-06 14:54,\x5de2508f3a79abc1769bb2c085ad03b36432999f3ef050373b12811422f79768
\x446a3e8dea79f232ebf35010b39578c30c8e7f94,Team A,1E+20,100,2022-05-06 14:54,\x5de2508f3a79abc1769bb2c085ad03b36432999f3ef050373b12811422f79768
\xff79ad62d19066e43b99eed19f94e11b0e0b5688,Team A,1E+20,100,2022-05-06 14:54,\x5de2508f3a79abc1769bb2c085ad03b36432999f3ef050373b12811422f79768
\xff78bad7f3fefbf552a2978e1455d0126da9ba76,Team A,1E+20,100,2022-05-06 14:54,\x5de2508f3a79abc1769bb2c085ad03b36432999f3ef050373b12811422f79768
\xff659f9c29d69a078f0d868ceb18e9c6e7d8f4fe,Team A,1E+20,100,2022-05-06 14:54,\x5de2508f3a79abc1769bb2c085ad03b36432999f3ef050373b12811422f79768
\xfed242184ba67298d7c0e7c228da4512abcf5e94,Team A,1E+20,100,2022-05-06 14:54,\x5de2508f3a79abc1769bb2c085ad03b36432999f3ef050373b12811422f79768
\xfea310e868466201e881866e75232e1bc2b86e0c,Team A,1E+20,100,2022-05-06 14:54,\x5de2508f3a79abc1769bb2c085ad03b36432999f3ef050373b12811422f79768
\xfdd4186383fafd6bd41d0c59ed84708dfde004ff,Team A,1E+20,100,2022-05-06 14:54,\x5de2508f3a79abc1769bb2c085ad03b36432999f3ef050373b12811422f79768
\xfd3719bef669f5cebbda47b69e7814cf413e9517,Team A,1E+20,100,2022-05-06 14:54,\x5de2508f3a79abc1769bb2c085ad03b36432999f3ef050373b12811422f79768
\xfc97910e9200189265d759d80f25c4f0c691330d,Team A,1E+20,100,2022-05-06 14:54,\x5de2508f3a79abc1769bb2c085ad03b36432999f3ef050373b12811422f79768
\xfc744e67dc1d3ef15e014c13ab3d86fe3d2e18ae,Team A,1E+20,100,2022-05-06 14:54,\x5de2508f3a79abc1769bb2c085ad03b36432999f3ef050373b12811422f79768
\xfc5b2d51fd03b13bf440eb9e0c7b1d94b1b77bb9,Team A,1E+20,100,2022-05-06 14:54,\x5de2508f3a79abc1769bb2c085ad03b36432999f3ef050373b12811422f79768
\xfbb86b509a1f6b8f94ed8a40b880ca4272c96506,Team A,1E+20,100,2022-05-06 14:54,\x5de2508f3a79abc1769bb2c085ad03b36432999f3ef050373b12811422f79768
\xf9f2abcc9df889794b60f0791a784f5a97d32920,Team A,1E+20,100,2022-05-06 14:54,\x5de2508f3a79abc1769bb2c085ad03b36432999f3ef050373b12811422f79768
\xf89be918c3d9989dd1e454bd21e1fc3afb7e6eeb,Team A,1E+20,100,2022-05-06 14:54,\x5de2508f3a79abc1769bb2c085ad03b36432999f3ef050373b12811422f79768
\xf84b9e57628da8a8167c0f84c266f70ec0863510,Team A,1E+20,100,2022-05-06 14:54,\x5de2508f3a79abc1769bb2c085ad03b36432999f3ef050373b12811422f79768
\xf7e74a9a394226058e14bfc17deafdb76eebbb25,Team A,1E+20,100,2022-05-06 14:54,\x5de2508f3a79abc1769bb2c085ad03b36432999f3ef050373b12811422f79768
\xf7c6382da0a3ee08ad4c201b01e33e122600ab6f,Team A,1E+20,100,2022-05-06 14:54,\x5de2508f3a79abc1769bb2c085ad03b36432999f3ef050373b12811422f79768
\xf7af0b2277a6caa0d8a3a1b1ea21f5c6e13dca74,Team A,1E+20,100,2022-05-06 14:54,\x5de2508f3a79abc1769bb2c085ad03b36432999f3ef050373b12811422f79768
\xf772db956ffb322654b56839899c7f67125cf3f5,Team A,1E+20,100,2022-05-06 14:54,\x5de2508f3a79abc1769bb2c085ad03b36432999f3ef050373b12811422f79768
\xf70187689247683018200780fd1418fb3de20d67,Team A,1E+20,100,2022-05-06 14:54,\x5de2508f3a79abc1769bb2c085ad03b36432999f3ef050373b12811422f79768
\xf455324f5112f4370d30a36de2af8255d61d391c,Team A,1E+20,100,2022-05-06 14:54,\x5de2508f3a79abc1769bb2c085ad03b36432999f3ef050373b12811422f79768
\xf422cf49eb49d93ad6952db28117849bcf44024d,Team A,1E+20,100,2022-05-06 14:54,\x5de2508f3a79abc1769bb2c085ad03b36432999f3ef050373b12811422f79768
\xf3551c1d8ac61569e482abc05eefae4cccef32c1,Team A,1E+20,100,2022-05-06 14:54,\x5de2508f3a79abc1769bb2c085ad03b36432999f3ef050373b12811422f79768
\xf331f8cbcd9100292258d2a1986a4a2e7435e453,Team A,1E+20,100,2022-05-06 14:54,\x5de2508f3a79abc1769bb2c085ad03b36432999f3ef050373b12811422f79768
\xf3062faaa61cd4ee6e8705135a3bc6419cd766b2,Team A,1E+20,100,2022-05-06 14:54,\x5de2508f3a79abc1769bb2c085ad03b36432999f3ef050373b12811422f79768
\xf1fa3853cbaabdb71374d4a3ca9a8cb6ef6d7cd1,Team A,1E+20,100,2022-05-06 14:54,\x5de2508f3a79abc1769bb2c085ad03b36432999f3ef050373b12811422f79768
\xf0cbf1b2d0888e744005f5d603a03a5c4adc31c3,Team A,1E+20,100,2022-05-06 14:54,\x5de2508f3a79abc1769bb2c085ad03b36432999f3ef050373b12811422f79768
\xf07ffbaf4a7999fffab3ddb47e7f74364b6fd578,Team A,1E+20,100,2022-05-06 14:54,\x5de2508f3a79abc1769bb2c085ad03b36432999f3ef050373b12811422f79768
\xefc2d75947db60f1f3c5e6a87d60e5263a70dba4,Team A,1E+20,100,2022-05-06 14:54,\x5de2508f3a79abc1769bb2c085ad03b36432999f3ef050373b12811422f79768
\xefa168d4231b1ed0711260360647db6281c1ebbb,Team A,1E+20,100,2022-05-06 14:54,\x5de2508f3a79abc1769bb2c085ad03b36432999f3ef050373b12811422f79768
\xed534f3f4cdf9df19c3082189964e5e8d162d862,Team A,1E+20,100,2022-05-06 14:54,\x5de2508f3a79abc1769bb2c085ad03b36432999f3ef050373b12811422f79768
\xeb4872b4c995f6613077090438eae69cfeff142f,Team A,1E+20,100,2022-05-06 14:54,\x5de2508f3a79abc1769bb2c085ad03b36432999f3ef050373b12811422f79768
\xe99dc1864b1bea3efd8b87d5cec5b7b65ff23379,Team A,1E+20,100,2022-05-06 14:54,\x5de2508f3a79abc1769bb2c085ad03b36432999f3ef050373b12811422f79768
\xe876380454f0f501021f38cc82ce545710812d0a,Team A,1E+20,100,2022-05-06 14:54,\x5de2508f3a79abc1769bb2c085ad03b36432999f3ef050373b12811422f79768
\xe80088863766aee6d80e2ff6c85a9187f6dd85a6,Team A,1E+20,100,2022-05-06 14:54,\x5de2508f3a79abc1769bb2c085ad03b36432999f3ef050373b12811422f79768
\xe76a6619581dd7122bc127a6f018ba035b182aaa,Team A,1E+20,100,2022-05-06 14:54,\x5de2508f3a79abc1769bb2c085ad03b36432999f3ef050373b12811422f79768
\xe7228e5631bfd293288dc8efd5fc2403e581de2e,Team A,1E+20,100,2022-05-06 14:54,\x5de2508f3a79abc1769bb2c085ad03b36432999f3ef050373b12811422f79768
\xe6388e11b9b27e9a0d48e7de6ed8314fbf14074f,Team A,1E+20,100,2022-05-06 14:54,\x5de2508f3a79abc1769bb2c085ad03b36432999f3ef050373b12811422f79768
\xe4a050f884187169444ae33dd0cc557146437d79,Team A,1E+20,100,2022-05-06 14:54,\x5de2508f3a79abc1769bb2c085ad03b36432999f3ef050373b12811422f79768
\xe456ff3e321be2675a5aeb56b3623586254c3419,Team A,1E+20,100,2022-05-06 14:54,\x5de2508f3a79abc1769bb2c085ad03b36432999f3ef050373b12811422f79768
\xe4126fd057ab2fc08b6ce2621de4c3bc56464101,Team A,1E+20,100,2022-05-06 14:54,\x5de2508f3a79abc1769bb2c085ad03b36432999f3ef050373b12811422f79768
\xe347d593d62be9d012448f9f7adf6e24954267d5,Team A,1E+20,100,2022-05-06 14:54,\x5de2508f3a79abc1769bb2c085ad03b36432999f3ef050373b12811422f79768
\xe2f3c30b753f71bdbf1258d6e09fd3d2adf549db,Team A,1E+20,100,2022-05-06 14:54,\x5de2508f3a79abc1769bb2c085ad03b36432999f3ef050373b12811422f79768
\xe222e11129a5fefdebcc0572a10a6deacc35e6c0,Team A,1E+20,100,2022-05-06 14:54,\x5de2508f3a79abc1769bb2c085ad03b36432999f3ef050373b12811422f79768
\xe1da425d1880d3243f9dfd3c9c2c3f09e73acd6d,Team A,1E+20,100,2022-05-06 14:54,\x5de2508f3a79abc1769bb2c085ad03b36432999f3ef050373b12811422f79768
\xe000adb6f47c7461694bcb69bf51bab8087d819d,Team A,1E+20,100,2022-05-06 14:54,\x5de2508f3a79abc1769bb2c085ad03b36432999f3ef050373b12811422f79768
\xde6f17794861e1e13104285cd2dabfc478bfb679,Team A,1E+20,100,2022-05-06 14:54,\x5de2508f3a79abc1769bb2c085ad03b36432999f3ef050373b12811422f79768
\xde5701c91e479888878f9aebf1decc0b10d88cb5,Team A,1E+20,100,2022-05-06 14:54,\x5de2508f3a79abc1769bb2c085ad03b36432999f3ef050373b12811422f79768
\xddf8eb9abe01c6baf5f1308a3173a69f95fa6ce2,Team A,1E+20,100,2022-05-06 14:54,\x5de2508f3a79abc1769bb2c085ad03b36432999f3ef050373b12811422f79768
\xddc570bafd31c4a3545a3d742b9d022e78a9cb7f,Team A,1E+20,100,2022-05-06 14:54,\x5de2508f3a79abc1769bb2c085ad03b36432999f3ef050373b12811422f79768
\xdaf08467be187fdad0db1df64b8cbd20f60ab370,Team A,1E+20,100,2022-05-06 14:54,\x5de2508f3a79abc1769bb2c085ad03b36432999f3ef050373b12811422f79768
\xda615562970f622b1e174b335c9e3b2a96264b14,Team A,1E+20,100,2022-05-06 14:54,\x5de2508f3a79abc1769bb2c085ad03b36432999f3ef050373b12811422f79768
\xd944633d12e0ecf7e88d6b6248bc192d2e24226d,Team A,1E+20,100,2022-05-06 14:54,\x5de2508f3a79abc1769bb2c085ad03b36432999f3ef050373b12811422f79768
\xd8b00122b6cc0d44fb3198fb675635272d516b7f,Team A,1E+20,100,2022-05-06 14:54,\x5de2508f3a79abc1769bb2c085ad03b36432999f3ef050373b12811422f79768
\xd6a090e23033dd1f370fcfc2293c3c2c97b7fbce,Team A,1E+20,100,2022-05-06 14:54,\x5de2508f3a79abc1769bb2c085ad03b36432999f3ef050373b12811422f79768
\xd48d664965286ddea41e97784d079de981d099b6,Team A,1E+20,100,2022-05-06 14:54,\x5de2508f3a79abc1769bb2c085ad03b36432999f3ef050373b12811422f79768
\xd24c941f5edbe451395544658c0df6df056c6ad0,Team A,1E+20,100,2022-05-06 14:54,\x5de2508f3a79abc1769bb2c085ad03b36432999f3ef050373b12811422f79768
\xd190071695de93377d8abd1e5a9dcb0e7c162cba,Team A,1E+20,100,2022-05-06 14:54,\x5de2508f3a79abc1769bb2c085ad03b36432999f3ef050373b12811422f79768
\xd164984268bc6e81ce9a5109c955b96e4edbee89,Team A,1E+20,100,2022-05-06 14:54,\x5de2508f3a79abc1769bb2c085ad03b36432999f3ef050373b12811422f79768
\xd10deb645552c338ef122b0d73bc0eb694cd29d1,Team A,1E+20,100,2022-05-06 14:54,\x5de2508f3a79abc1769bb2c085ad03b36432999f3ef050373b12811422f79768
\xcf43e9a2f9ed4810de89ae08d88445d8ccf63ab1,Team A,1E+20,100,2022-05-06 14:54,\x5de2508f3a79abc1769bb2c085ad03b36432999f3ef050373b12811422f79768
\xccebe8104a3aa1a440461f5f4f6c38fbdfb30802,Team A,1E+20,100,2022-05-06 14:54,\x5de2508f3a79abc1769bb2c085ad03b36432999f3ef050373b12811422f79768
\xcce76ffdc7c7c643e0dc54b89e4117dc83ded29f,Team A,1E+20,100,2022-05-06 14:54,\x5de2508f3a79abc1769bb2c085ad03b36432999f3ef050373b12811422f79768
\xcb898504e45710eb33948f961030192afdad1811,Team A,1E+20,100,2022-05-06 14:54,\x5de2508f3a79abc1769bb2c085ad03b36432999f3ef050373b12811422f79768
\xcb06551543a48e812d72e00bf88c4ef80a29208e,Team A,1E+20,100,2022-05-06 14:54,\x5de2508f3a79abc1769bb2c085ad03b36432999f3ef050373b12811422f79768
\xca4fe3b7150f5e0dc77cf920f4d577e31e854552,Team A,1E+20,100,2022-05-06 14:54,\x5de2508f3a79abc1769bb2c085ad03b36432999f3ef050373b12811422f79768
\xca2dead8b1eee1b6809169a982eef01abce24078,Team A,1E+20,100,2022-05-06 14:54,\x5de2508f3a79abc1769bb2c085ad03b36432999f3ef050373b12811422f79768
\xc96b54890f172986f8edc7aec6e8c09a53760526,Team A,1E+20,100,2022-05-06 14:54,\x5de2508f3a79abc1769bb2c085ad03b36432999f3ef050373b12811422f79768
\xc846b4532249ba200a2f40b011aa8a770266bac2,Team A,1E+20,100,2022-05-06 14:54,\x5de2508f3a79abc1769bb2c085ad03b36432999f3ef050373b12811422f79768
\xc7094fce0476b224a99e9186d6757022bc989245,Team A,1E+20,100,2022-05-06 14:54,\x5de2508f3a79abc1769bb2c085ad03b36432999f3ef050373b12811422f79768
\xc6d15113e2fc44064e2ce8df7a5c38e01ad6bcd5,Team A,1E+20,100,2022-05-06 14:54,\x5de2508f3a79abc1769bb2c085ad03b36432999f3ef050373b12811422f79768
\xc4cbf8f4c59570450df297cedd3963b7e1f60652,Team A,1E+20,100,2022-05-06 14:54,\x5de2508f3a79abc1769bb2c085ad03b36432999f3ef050373b12811422f79768
\xc4a6312a5d5af3c03d546fa287fa1f883b3db749,Team A,1E+20,100,2022-05-06 14:54,\x5de2508f3a79abc1769bb2c085ad03b36432999f3ef050373b12811422f79768
\xc307c55d8038265fb9337cfc4bf36b874289482b,Team A,1E+20,100,2022-05-06 14:54,\x5de2508f3a79abc1769bb2c085ad03b36432999f3ef050373b12811422f79768
\xc2ff8b2fb8082c811b310ca1c2d5cb235f3059bb,Team A,1E+20,100,2022-05-06 14:54,\x5de2508f3a79abc1769bb2c085ad03b36432999f3ef050373b12811422f79768
\xc1196c46559203fe1e3ffe05009fde59795a6385,Team A,1E+20,100,2022-05-06 14:54,\x5de2508f3a79abc1769bb2c085ad03b36432999f3ef050373b12811422f79768
\xbff1a2f422274cb7da1ada4704f2eb0b55297b84,Team A,1E+20,100,2022-05-06 14:54,\x5de2508f3a79abc1769bb2c085ad03b36432999f3ef050373b12811422f79768
\xbfb9de8edea96a68832404910d548f58b9f998b1,Team A,1E+20,100,2022-05-06 14:54,\x5de2508f3a79abc1769bb2c085ad03b36432999f3ef050373b12811422f79768
\xbf45dd1bca8067769494b935c69763ca29de85a0,Team A,1E+20,100,2022-05-06 14:54,\x5de2508f3a79abc1769bb2c085ad03b36432999f3ef050373b12811422f79768
\xbf314e9a96e1ea7a9edbb93f0c50b50e4d348c14,Team A,1E+20,100,2022-05-06 14:54,\x5de2508f3a79abc1769bb2c085ad03b36432999f3ef050373b12811422f79768
\xbe93d14c5defb8f41af8fb092f58e3c71c712b85,Team A,1E+20,100,2022-05-06 14:54,\x5de2508f3a79abc1769bb2c085ad03b36432999f3ef050373b12811422f79768
\xbe8c93a8c18af63aab449994afac13e71240ccc4,Team A,1E+20,100,2022-05-06 14:54,\x5de2508f3a79abc1769bb2c085ad03b36432999f3ef050373b12811422f79768
\xbd4718edca87ebbbc9f501938b4a7bb6dd6f8b86,Team A,1E+20,100,2022-05-06 14:54,\x5de2508f3a79abc1769bb2c085ad03b36432999f3ef050373b12811422f79768
\xbd1ea07bcc208715e099588add684ed78f3ff3ed,Team A,1E+20,100,2022-05-06 14:54,\x5de2508f3a79abc1769bb2c085ad03b36432999f3ef050373b12811422f79768
\xbd0ec71b9ada90ac6c1428cafd45fe2fca367665,Team A,1E+20,100,2022-05-06 14:54,\x5de2508f3a79abc1769bb2c085ad03b36432999f3ef050373b12811422f79768
\xba540bb14101cbd4170df90408c0b9ec6c86273c,Team A,1E+20,100,2022-05-06 14:54,\x5de2508f3a79abc1769bb2c085ad03b36432999f3ef050373b12811422f79768
\xb9b6cec863aea619be2e1f2739e57854ff3f9d8b,Team A,1E+20,100,2022-05-06 14:54,\x5de2508f3a79abc1769bb2c085ad03b36432999f3ef050373b12811422f79768
\xb996f5f0be1dc903d39f0256df7a47d59edd5e2f,Team A,1E+20,100,2022-05-06 14:54,\x5de2508f3a79abc1769bb2c085ad03b36432999f3ef050373b12811422f79768
\xb90440ee1fac3172a630470f4adcb99d0fee936d,Team A,1E+20,100,2022-05-06 14:54,\x5de2508f3a79abc1769bb2c085ad03b36432999f3ef050373b12811422f79768
\xb8b7ea41cfa41ee65623c93cc4f9eb68d80bca13,Team A,1E+20,100,2022-05-06 14:54,\x5de2508f3a79abc1769bb2c085ad03b36432999f3ef050373b12811422f79768
\xb817f347cc5dc77dabeb45dc071dc4ca80b28e16,Team A,1E+20,100,2022-05-06 14:54,\x5de2508f3a79abc1769bb2c085ad03b36432999f3ef050373b12811422f79768
\xb7338951d8aaf32ec72e72aff962aa0ee315cc6b,Team A,1E+20,100,2022-05-06 14:54,\x5de2508f3a79abc1769bb2c085ad03b36432999f3ef050373b12811422f79768
\xb6d2e7efefce4c13ef98b1a69c0677725b08baba,Team A,1E+20,100,2022-05-06 14:54,\x5de2508f3a79abc1769bb2c085ad03b36432999f3ef050373b12811422f79768
\xb6bf464940220c4202cd22674d3d1da225c9923f,Team A,1E+20,100,2022-05-06 14:54,\x5de2508f3a79abc1769bb2c085ad03b36432999f3ef050373b12811422f79768
\xb5ebf7fac6f40583261758a7347e8eaa41935524,Team A,1E+20,100,2022-05-06 14:54,\x5de2508f3a79abc1769bb2c085ad03b36432999f3ef050373b12811422f79768
\xb5cbb2f3b5d3a72a88af6c3739579a18d5235755,Team A,1E+20,100,2022-05-06 14:54,\x5de2508f3a79abc1769bb2c085ad03b36432999f3ef050373b12811422f79768
\xb4e8865ede93e5b36ca856788c7c9d7ad4fe409d,Team A,1E+20,100,2022-05-06 14:54,\x5de2508f3a79abc1769bb2c085ad03b36432999f3ef050373b12811422f79768
\xb46a2fd67e275b1dbb1f6c1b55c26ecc3aff1aa2,Team A,1E+20,100,2022-05-06 14:54,\x5de2508f3a79abc1769bb2c085ad03b36432999f3ef050373b12811422f79768
\xb39d022edf05c31e1981f4f4d8137dda9c57cfae,Team A,1E+20,100,2022-05-06 14:54,\x5de2508f3a79abc1769bb2c085ad03b36432999f3ef050373b12811422f79768
\xb3902cd8318c4648e18dfe6afce125a331f1a787,Team A,1E+20,100,2022-05-06 14:54,\x5de2508f3a79abc1769bb2c085ad03b36432999f3ef050373b12811422f79768
\xb23f8768f3a6a0d8b6e67d037213f9a19130e273,Team A,1E+20,100,2022-05-06 14:54,\x5de2508f3a79abc1769bb2c085ad03b36432999f3ef050373b12811422f79768
\xb1546001b79b56fdb5c4fe0c3bea6af2fd0359e1,Team A,1E+20,100,2022-05-06 14:54,\x5de2508f3a79abc1769bb2c085ad03b36432999f3ef050373b12811422f79768
\xb0d8f67600b6daee83d7bdfbfe0091098a545aa6,Team A,1E+20,100,2022-05-06 14:54,\x5de2508f3a79abc1769bb2c085ad03b36432999f3ef050373b12811422f79768
\xb06e5ce2fe560fac1f4c4e7537d60a82d82359e3,Team A,1E+20,100,2022-05-06 14:54,\x5de2508f3a79abc1769bb2c085ad03b36432999f3ef050373b12811422f79768
\xb05be1c90d5ee13b3c9268e30bf507d9f9a901de,Team A,1E+20,100,2022-05-06 14:54,\x5de2508f3a79abc1769bb2c085ad03b36432999f3ef050373b12811422f79768
\xae60a8cbc37cfde7ae14047c95bdca81aa159ae0,Team A,1E+20,100,2022-05-06 14:54,\x5de2508f3a79abc1769bb2c085ad03b36432999f3ef050373b12811422f79768
\xaca3365a1a6dba0839b3b56219cf250ebb9f32f1,Team A,1E+20,100,2022-05-06 14:54,\x5de2508f3a79abc1769bb2c085ad03b36432999f3ef050373b12811422f79768
\xa9b5da22440dedd72535ec0525582ca0b63be5e1,Team A,1E+20,100,2022-05-06 14:54,\x5de2508f3a79abc1769bb2c085ad03b36432999f3ef050373b12811422f79768
\xa8213ad427cc7c16cf6248e0653553bc3008a191,Team A,1E+20,100,2022-05-06 14:54,\x5de2508f3a79abc1769bb2c085ad03b36432999f3ef050373b12811422f79768
\xa5ece293c10fa3709303dd39ff816d51c5d44234,Team A,1E+20,100,2022-05-06 14:54,\x5de2508f3a79abc1769bb2c085ad03b36432999f3ef050373b12811422f79768
\xa5e1532162ca1948a5d6a1832fe6ceb8df323c30,Team A,1E+20,100,2022-05-06 14:54,\x5de2508f3a79abc1769bb2c085ad03b36432999f3ef050373b12811422f79768
\xa44dd0cf1de1c461fde0b7b92c374789b59784c9,Team A,1E+20,100,2022-05-06 14:54,\x5de2508f3a79abc1769bb2c085ad03b36432999f3ef050373b12811422f79768
\xa3ea3d64a05b91a08d0b04fccc4c8d8787f38cee,Team A,1E+20,100,2022-05-06 14:54,\x5de2508f3a79abc1769bb2c085ad03b36432999f3ef050373b12811422f79768
\xa3176cdb52dd85290e72b2c486cf6149ab38fd32,Team A,1E+20,100,2022-05-06 14:54,\x5de2508f3a79abc1769bb2c085ad03b36432999f3ef050373b12811422f79768
\xa2ab20e4aa2cfc44231161c005cbf6fd68bf56a9,Team A,1E+20,100,2022-05-06 14:54,\x5de2508f3a79abc1769bb2c085ad03b36432999f3ef050373b12811422f79768
\xa24db1dc8ce36c960bc4517d4b1eb3f3e7c10fff,Team A,1E+20,100,2022-05-06 14:54,\x5de2508f3a79abc1769bb2c085ad03b36432999f3ef050373b12811422f79768
\xa1bc9f613297fe6201da0ffe5bf7f086a51cc365,Team A,1E+20,100,2022-05-06 14:54,\x5de2508f3a79abc1769bb2c085ad03b36432999f3ef050373b12811422f79768
\xa18dbec3374a7c86cb1e27d9474c2908ef407c62,Team A,1E+20,100,2022-05-06 14:54,\x5de2508f3a79abc1769bb2c085ad03b36432999f3ef050373b12811422f79768
\xa06ea9cc58d0d50c033a1b55f1399fb6909b65af,Team A,1E+20,100,2022-05-06 14:54,\x5de2508f3a79abc1769bb2c085ad03b36432999f3ef050373b12811422f79768
\x9f5aa14327fb4b61f6f7f1b205501fd1a66bc183,Team A,1E+20,100,2022-05-06 14:54,\x5de2508f3a79abc1769bb2c085ad03b36432999f3ef050373b12811422f79768
\x9f572ac4a20eb83b067cf9fb8d4452041a302acb,Team A,1E+20,100,2022-05-06 14:54,\x5de2508f3a79abc1769bb2c085ad03b36432999f3ef050373b12811422f79768
\x9f24aa4adc816066d71f0d7362f89c6590dd8e93,Team A,1E+20,100,2022-05-06 14:54,\x5de2508f3a79abc1769bb2c085ad03b36432999f3ef050373b12811422f79768
\x9f1842a615a14bce5723f4c5019d6f67c889b632,Team A,1E+20,100,2022-05-06 14:54,\x5de2508f3a79abc1769bb2c085ad03b36432999f3ef050373b12811422f79768
\x9d8c00b16906a78943c66f1f976a98e4e7a36909,Team A,1E+20,100,2022-05-06 14:54,\x5de2508f3a79abc1769bb2c085ad03b36432999f3ef050373b12811422f79768
\x9ccb89c59e0040fe96814d02832ed6533cbada55,Team A,1E+20,100,2022-05-06 14:54,\x5de2508f3a79abc1769bb2c085ad03b36432999f3ef050373b12811422f79768
\x9b18e9e9aa3dd35100b385b7035c0b1e44afca14,Team A,1E+20,100,2022-05-06 14:54,\x5de2508f3a79abc1769bb2c085ad03b36432999f3ef050373b12811422f79768
\x9a69598ee328149fb6e36c28639f5e00eff363c9,Team A,1E+20,100,2022-05-06 14:54,\x5de2508f3a79abc1769bb2c085ad03b36432999f3ef050373b12811422f79768
\x9a44142f331c39b610c351d4288ccf2db8f0e919,Team A,1E+20,100,2022-05-06 14:54,\x5de2508f3a79abc1769bb2c085ad03b36432999f3ef050373b12811422f79768
\x9a1e402d39cb2d49cf23e6767c6458126ea24631,Team A,1E+20,100,2022-05-06 14:54,\x5de2508f3a79abc1769bb2c085ad03b36432999f3ef050373b12811422f79768
\x993192a774609176f59325e9c0afd0641917d0db,Team A,1E+20,100,2022-05-06 14:54,\x5de2508f3a79abc1769bb2c085ad03b36432999f3ef050373b12811422f79768
\x980aa416e2d67fc97c671162d8ae261c105b2043,Team A,1E+20,100,2022-05-06 14:54,\x5de2508f3a79abc1769bb2c085ad03b36432999f3ef050373b12811422f79768
\x97cd70611075e6eae5d64a9908d6fe2592438c88,Team A,1E+20,100,2022-05-06 14:54,\x5de2508f3a79abc1769bb2c085ad03b36432999f3ef050373b12811422f79768
\x97281d9da948509a271d84d11fbcf0377b130515,Team A,1E+20,100,2022-05-06 14:54,\x5de2508f3a79abc1769bb2c085ad03b36432999f3ef050373b12811422f79768
\x960cc811e5ef36760f5c679af90e821b10385e04,Team A,1E+20,100,2022-05-06 14:54,\x5de2508f3a79abc1769bb2c085ad03b36432999f3ef050373b12811422f79768
\x95f3dadaa5c781de9aa453830d4e689d57937f82,Team A,1E+20,100,2022-05-06 14:54,\x5de2508f3a79abc1769bb2c085ad03b36432999f3ef050373b12811422f79768
\x95ed91e587f17a311cd216c704a2cbd06cff085a,Team A,1E+20,100,2022-05-06 14:54,\x5de2508f3a79abc1769bb2c085ad03b36432999f3ef050373b12811422f79768
\x95a32d9e373a3622c56cfe14c9f4039b5a0eac51,Team A,1E+20,100,2022-05-06 14:54,\x5de2508f3a79abc1769bb2c085ad03b36432999f3ef050373b12811422f79768
\x9583ca25ec7770b1d575d0c4c76b79ce257e6645,Team A,1E+20,100,2022-05-06 14:54,\x5de2508f3a79abc1769bb2c085ad03b36432999f3ef050373b12811422f79768
\x956290cae406bf01a4047035f1a8975eed11d1e4,Team A,1E+20,100,2022-05-06 14:54,\x5de2508f3a79abc1769bb2c085ad03b36432999f3ef050373b12811422f79768
\x94f7c3b5db467e32079d8aff166d1a5c19c97a6a,Team A,1E+20,100,2022-05-06 14:54,\x5de2508f3a79abc1769bb2c085ad03b36432999f3ef050373b12811422f79768
\x94f69c258cd251bcb77dbb6156da13e32dcb8ef4,Team A,1E+20,100,2022-05-06 14:54,\x5de2508f3a79abc1769bb2c085ad03b36432999f3ef050373b12811422f79768
\x93ef4743cad66d1707cf1e98464a11d6970aa399,Team A,1E+20,100,2022-05-06 14:54,\x5de2508f3a79abc1769bb2c085ad03b36432999f3ef050373b12811422f79768
\x93aecdbf7ef234d7a240974293a969e323c376c2,Team A,1E+20,100,2022-05-06 14:54,\x5de2508f3a79abc1769bb2c085ad03b36432999f3ef050373b12811422f79768
\x93803d334edff050eb333f0337ac0e728932baa3,Team A,1E+20,100,2022-05-06 14:54,\x5de2508f3a79abc1769bb2c085ad03b36432999f3ef050373b12811422f79768
\x9325eafe32eba5aa10787143ea5bc3438a7f6d2b,Team A,1E+20,100,2022-05-06 14:54,\x5de2508f3a79abc1769bb2c085ad03b36432999f3ef050373b12811422f79768
\x9254dc142566bbdefa0d44411d67cc47d3ce41bf,Team A,1E+20,100,2022-05-06 14:54,\x5de2508f3a79abc1769bb2c085ad03b36432999f3ef050373b12811422f79768
\x91690be5446ec084f22fb2bd542b3d58e98abaa4,Team A,1E+20,100,2022-05-06 14:54,\x5de2508f3a79abc1769bb2c085ad03b36432999f3ef050373b12811422f79768
\x90ed12c423cee6a0ccecadb1c87482733be3ef26,Team A,1E+20,100,2022-05-06 14:54,\x5de2508f3a79abc1769bb2c085ad03b36432999f3ef050373b12811422f79768
\x90b7903f465600923ce2a18c0aa222ba79784b6a,Team A,1E+20,100,2022-05-06 14:54,\x5de2508f3a79abc1769bb2c085ad03b36432999f3ef050373b12811422f79768
\x9062a96b9e947b2b57283e705c97b871f5eb6561,Team A,1E+20,100,2022-05-06 14:54,\x5de2508f3a79abc1769bb2c085ad03b36432999f3ef050373b12811422f79768
\x8eaa72fe26ab8e42e41c950887f61e85e490911c,Team A,1E+20,100,2022-05-06 14:54,\x5de2508f3a79abc1769bb2c085ad03b36432999f3ef050373b12811422f79768
\x8e79ff45fd024a2ad350ae6d4e0afe12d92c129c,Team A,1E+20,100,2022-05-06 14:54,\x5de2508f3a79abc1769bb2c085ad03b36432999f3ef050373b12811422f79768
\x8df5d18f91333f5591e9331b460d5e501c43b4b3,Team A,1E+20,100,2022-05-06 14:54,\x5de2508f3a79abc1769bb2c085ad03b36432999f3ef050373b12811422f79768
\x8da2a6295d092efe85a4dac62f9a6cbc3ef01b7b,Team A,1E+20,100,2022-05-06 14:54,\x5de2508f3a79abc1769bb2c085ad03b36432999f3ef050373b12811422f79768
\x8d339490827b323295da0a003096e18b0dd99a2f,Team A,1E+20,100,2022-05-06 14:54,\x5de2508f3a79abc1769bb2c085ad03b36432999f3ef050373b12811422f79768
\x8c0d5cf17365df315b8d334eb5552be9f7ff3978,Team A,1E+20,100,2022-05-06 14:54,\x5de2508f3a79abc1769bb2c085ad03b36432999f3ef050373b12811422f79768
\x8b9470b0c7453544de3d464936153368bbe5ef03,Team A,1E+20,100,2022-05-06 14:54,\x5de2508f3a79abc1769bb2c085ad03b36432999f3ef050373b12811422f79768
\x8a1cfc56923a2e02b9feec98a3a4f9f6e3cead6b,Team A,1E+20,100,2022-05-06 14:54,\x5de2508f3a79abc1769bb2c085ad03b36432999f3ef050373b12811422f79768
\x894d0097b2c0cd0695f0fb0e3aad14ece1e0e142,Team A,1E+20,100,2022-05-06 14:54,\x5de2508f3a79abc1769bb2c085ad03b36432999f3ef050373b12811422f79768
\x88a272392fdc5180bf7d20b77cb53bea57e0f580,Team A,1E+20,100,2022-05-06 14:54,\x5de2508f3a79abc1769bb2c085ad03b36432999f3ef050373b12811422f79768
\x887bdd65c4c253a2f176fa091b558a20ed2a66c2,Team A,1E+20,100,2022-05-06 14:54,\x5de2508f3a79abc1769bb2c085ad03b36432999f3ef050373b12811422f79768
\x8818cb8498096fcc2c7cfe397bf6964aef7d2754,Team A,1E+20,100,2022-05-06 14:54,\x5de2508f3a79abc1769bb2c085ad03b36432999f3ef050373b12811422f79768
\x880dd3c3b9d1bfcc2667c8a613efc19c0da14d68,Team A,1E+20,100,2022-05-06 14:54,\x5de2508f3a79abc1769bb2c085ad03b36432999f3ef050373b12811422f79768
\x87ba6696f9a7bb845b9c45a28f44b1d5a365fa37,Team A,1E+20,100,2022-05-06 14:54,\x5de2508f3a79abc1769bb2c085ad03b36432999f3ef050373b12811422f79768
\x872a88ccd04dc4f7ecebecb89a71a78c42b43fac,Team A,1E+20,100,2022-05-06 14:54,\x5de2508f3a79abc1769bb2c085ad03b36432999f3ef050373b12811422f79768
\x86df6fb7d87cad5683a4b148f1e5afa6cb4633ed,Team A,1E+20,100,2022-05-06 14:54,\x5de2508f3a79abc1769bb2c085ad03b36432999f3ef050373b12811422f79768
\x8664cedfbfd62980211acefcd4919c72237d801b,Team A,1E+20,100,2022-05-06 14:54,\x5de2508f3a79abc1769bb2c085ad03b36432999f3ef050373b12811422f79768
\x86364f69723ed131b89d2e28c6457e02ad0d8aa9,Team A,1E+20,100,2022-05-06 14:54,\x5de2508f3a79abc1769bb2c085ad03b36432999f3ef050373b12811422f79768
\x85cf22d065b1f686faa6afa96c2c5eb7dc257239,Team A,1E+20,100,2022-05-06 14:54,\x5de2508f3a79abc1769bb2c085ad03b36432999f3ef050373b12811422f79768
\x852d31705ce7221c9a5d573a66b349cbc8f3d028,Team A,1E+20,100,2022-05-06 14:54,\x5de2508f3a79abc1769bb2c085ad03b36432999f3ef050373b12811422f79768
\x852926150de3854d61319021bd88f239c1cc4c38,Team A,1E+20,100,2022-05-06 14:54,\x5de2508f3a79abc1769bb2c085ad03b36432999f3ef050373b12811422f79768
\x849d046dfb65e7bd680f5022613c1c8ae9a52367,Team A,1E+20,100,2022-05-06 14:54,\x5de2508f3a79abc1769bb2c085ad03b36432999f3ef050373b12811422f79768
\x83ae2b590e4c1702eb734437188ccb9800ff9cbe,Team A,1E+20,100,2022-05-06 14:54,\x5de2508f3a79abc1769bb2c085ad03b36432999f3ef050373b12811422f79768
\x81fa725f8cebd030939ab8b649507f733101ae95,Team A,1E+20,100,2022-05-06 14:54,\x5de2508f3a79abc1769bb2c085ad03b36432999f3ef050373b12811422f79768
\x811df83148fa178c1fa9f80b9f07e1dda5a9c191,Team A,1E+20,100,2022-05-06 14:54,\x5de2508f3a79abc1769bb2c085ad03b36432999f3ef050373b12811422f79768
\x7fb3b6d222ce75121d0edd4ce0248ec10b498b3d,Team A,1E+20,100,2022-05-06 14:54,\x5de2508f3a79abc1769bb2c085ad03b36432999f3ef050373b12811422f79768
\x7f83b0668cfd2ffcade1812801106fbd05fa480a,Team A,1E+20,100,2022-05-06 14:54,\x5de2508f3a79abc1769bb2c085ad03b36432999f3ef050373b12811422f79768
\x7dc005b44859ef5e1c66f99138acc57796bd5b42,Team A,1E+20,100,2022-05-06 14:54,\x5de2508f3a79abc1769bb2c085ad03b36432999f3ef050373b12811422f79768
\x7d3a7ad44bfcfc0962709ece4c149128717906b8,Team A,1E+20,100,2022-05-06 14:54,\x5de2508f3a79abc1769bb2c085ad03b36432999f3ef050373b12811422f79768
\x7ab19ab563ec3e0aa8f2e283513286a58d3a4ae0,Team A,1E+20,100,2022-05-06 14:54,\x5de2508f3a79abc1769bb2c085ad03b36432999f3ef050373b12811422f79768
\x7aadb669c2fbf10bc0401bf69767a6c8dc767c63,Team A,1E+20,100,2022-05-06 14:54,\x5de2508f3a79abc1769bb2c085ad03b36432999f3ef050373b12811422f79768
\x79d25167e16ca3f9925037cd7a1b3ba4f6e98aa1,Team A,1E+20,100,2022-05-06 14:54,\x5de2508f3a79abc1769bb2c085ad03b36432999f3ef050373b12811422f79768
\x788a8a180f27f86b2148fbd7836ee6f0794d9296,Team A,1E+20,100,2022-05-06 14:54,\x5de2508f3a79abc1769bb2c085ad03b36432999f3ef050373b12811422f79768
\x363951773d40a61fa5587a1043ee80586db302d0,Team B,1.00E+22,10000,2022-05-06 15:03,\x9f66c2cf6c89e7634daafe95d482dfc9e47e3d60c5cff7e843d59b3ffd30e86d
\x35e939c53b208ccec114c6b92f6d754b023dff4d,Team B,1.00E+22,10000,2022-05-06 15:03,\x9f66c2cf6c89e7634daafe95d482dfc9e47e3d60c5cff7e843d59b3ffd30e86d
\x2f854d94e20ec243cb05e2b1f8e6e9da45a50f5f,Team B,1.00E+22,10000,2022-05-06 15:03,\x9f66c2cf6c89e7634daafe95d482dfc9e47e3d60c5cff7e843d59b3ffd30e86d
\x43f9873fcf56b25f605a45b89169213ff0fc9ec3,Team B,1.00E+22,10000,2022-05-06 15:03,\x9f66c2cf6c89e7634daafe95d482dfc9e47e3d60c5cff7e843d59b3ffd30e86d
\x43cf6d975661f0ee3b4536a79c4b5b99e4f385b9,Team B,1.00E+22,10000,2022-05-06 15:03,\x9f66c2cf6c89e7634daafe95d482dfc9e47e3d60c5cff7e843d59b3ffd30e86d
\x435aeddda07f2e0e40e75c940d2d8c88af30faa8,Team B,1.00E+22,10000,2022-05-06 15:03,\x9f66c2cf6c89e7634daafe95d482dfc9e47e3d60c5cff7e843d59b3ffd30e86d
\x42f7061ee77094e31f5ac69e6f76d8054bb7495f,Team B,1.00E+22,10000,2022-05-06 15:03,\x9f66c2cf6c89e7634daafe95d482dfc9e47e3d60c5cff7e843d59b3ffd30e86d
\x426874a11e30f6a9efca3715a84d3b5142fce4bb,Team B,1.00E+22,10000,2022-05-06 15:03,\x9f66c2cf6c89e7634daafe95d482dfc9e47e3d60c5cff7e843d59b3ffd30e86d
\x41df0d7108aa67aa76d8072a91edc2fddbc9783a,Team B,1.00E+22,10000,2022-05-06 15:03,\x9f66c2cf6c89e7634daafe95d482dfc9e47e3d60c5cff7e843d59b3ffd30e86d
\x41b5e94afe65da9b842f35386f5bba776652ce96,Team B,1.00E+22,10000,2022-05-06 15:03,\x9f66c2cf6c89e7634daafe95d482dfc9e47e3d60c5cff7e843d59b3ffd30e86d
\x4141f89a6e72213d993b25524003740bf795976c,Team B,1.00E+22,10000,2022-05-06 15:03,\x9f66c2cf6c89e7634daafe95d482dfc9e47e3d60c5cff7e843d59b3ffd30e86d
\x407f9e8c06371b9f2b2faa4f98c233253d817308,Team B,1.00E+22,10000,2022-05-06 15:03,\x9f66c2cf6c89e7634daafe95d482dfc9e47e3d60c5cff7e843d59b3ffd30e86d
\x3f4d0a6654c8365b42dcaa8aa92d9034e2a6141f,Team B,1.00E+22,10000,2022-05-06 15:03,\x9f66c2cf6c89e7634daafe95d482dfc9e47e3d60c5cff7e843d59b3ffd30e86d
\x3f46d5c350959361d9cfe71c03ddb3caa3cc93b4,Team B,1.00E+22,10000,2022-05-06 15:03,\x9f66c2cf6c89e7634daafe95d482dfc9e47e3d60c5cff7e843d59b3ffd30e86d
\x3cefb79af1f4126dc679d52f5f7458a25ce74b42,Team B,1.00E+22,10000,2022-05-06 15:03,\x9f66c2cf6c89e7634daafe95d482dfc9e47e3d60c5cff7e843d59b3ffd30e86d
\x3c85828022aadb9f2f04788550f8130cc5241398,Team B,1.00E+22,10000,2022-05-06 15:03,\x9f66c2cf6c89e7634daafe95d482dfc9e47e3d60c5cff7e843d59b3ffd30e86d
\x3c4828237769b75b4ca31c77518232fefeffd0a8,Team B,1.00E+22,10000,2022-05-06 15:03,\x9f66c2cf6c89e7634daafe95d482dfc9e47e3d60c5cff7e843d59b3ffd30e86d
\x3bc78c5fb49f5a50aed564dabea2512b0fad37e6,Team B,1.00E+22,10000,2022-05-06 15:03,\x9f66c2cf6c89e7634daafe95d482dfc9e47e3d60c5cff7e843d59b3ffd30e86d
\x3b8e502c1cf7027560f318fd21066d3ca49f52f5,Team B,1.00E+22,10000,2022-05-06 15:03,\x9f66c2cf6c89e7634daafe95d482dfc9e47e3d60c5cff7e843d59b3ffd30e86d
\x3b5569a21010a908ea9acaccfa9a21db41292b43,Team B,1.00E+22,10000,2022-05-06 15:03,\x9f66c2cf6c89e7634daafe95d482dfc9e47e3d60c5cff7e843d59b3ffd30e86d
\x3a7610108be857df76b1913ea8fb02be38891809,Team B,1.00E+22,10000,2022-05-06 15:03,\x9f66c2cf6c89e7634daafe95d482dfc9e47e3d60c5cff7e843d59b3ffd30e86d
\x394c82976a57c4309138c072149ee57aea16560b,Team B,1.00E+22,10000,2022-05-06 15:03,\x9f66c2cf6c89e7634daafe95d482dfc9e47e3d60c5cff7e843d59b3ffd30e86d
\x3785f0272f5e19dd2c27977ec2d91195bb2af801,Team B,1.00E+22,10000,2022-05-06 15:03,\x9f66c2cf6c89e7634daafe95d482dfc9e47e3d60c5cff7e843d59b3ffd30e86d
\x3749ac4c96c9d92dff122f7822e2db9dd4cc7d15,Team B,1.00E+22,10000,2022-05-06 15:03,\x9f66c2cf6c89e7634daafe95d482dfc9e47e3d60c5cff7e843d59b3ffd30e86d
\x36db7df1d5a563d6e707ffc976b46dd4872a8bf0,Team B,1.00E+22,10000,2022-05-06 15:03,\x9f66c2cf6c89e7634daafe95d482dfc9e47e3d60c5cff7e843d59b3ffd30e86d
\x2f595c056e785e13579128df27cad2968d034ba4,Team B,1.00E+22,10000,2022-05-06 15:03,\x9f66c2cf6c89e7634daafe95d482dfc9e47e3d60c5cff7e843d59b3ffd30e86d
\x2efd13e44e4e68d55b9730811fe04b949789cf69,Team B,1.00E+22,10000,2022-05-06 15:03,\x9f66c2cf6c89e7634daafe95d482dfc9e47e3d60c5cff7e843d59b3ffd30e86d
\x2e5b27a6ee216c90f6f42bfeadd7cd25888e5be3,Team B,1.00E+22,10000,2022-05-06 15:03,\x9f66c2cf6c89e7634daafe95d482dfc9e47e3d60c5cff7e843d59b3ffd30e86d
\x2e296866572552471f042af6edeed856ec38b871,Team B,1.00E+22,10000,2022-05-06 15:03,\x9f66c2cf6c89e7634daafe95d482dfc9e47e3d60c5cff7e843d59b3ffd30e86d
\x2da7c7054362f8704f7339d2b78598f48ed06252,Team B,1.00E+22,10000,2022-05-06 15:03,\x9f66c2cf6c89e7634daafe95d482dfc9e47e3d60c5cff7e843d59b3ffd30e86d
\x2b2ba7547fea61596f0124176d68b959c891cb38,Team B,1.00E+22,10000,2022-05-06 15:03,\x9f66c2cf6c89e7634daafe95d482dfc9e47e3d60c5cff7e843d59b3ffd30e86d
\x29a65d830516cca6e694be90d3de3cc19f620ea6,Team B,1.00E+22,10000,2022-05-06 15:03,\x9f66c2cf6c89e7634daafe95d482dfc9e47e3d60c5cff7e843d59b3ffd30e86d
\x27643f4e2b35a18bcd55252e88f13039f4f81927,Team B,1.00E+22,10000,2022-05-06 15:03,\x9f66c2cf6c89e7634daafe95d482dfc9e47e3d60c5cff7e843d59b3ffd30e86d
\x26e16d39c35db596f3bcc0c4a681a4b695e03aa0,Team B,1.00E+22,10000,2022-05-06 15:03,\x9f66c2cf6c89e7634daafe95d482dfc9e47e3d60c5cff7e843d59b3ffd30e86d
\x26945ad8bf9671c175776371a071a7d9c2d42aa7,Team B,1.00E+22,10000,2022-05-06 15:03,\x9f66c2cf6c89e7634daafe95d482dfc9e47e3d60c5cff7e843d59b3ffd30e86d
\x26260b28ce15a5aae6c61283693f6c677db05953,Team B,1.00E+22,10000,2022-05-06 15:03,\x9f66c2cf6c89e7634daafe95d482dfc9e47e3d60c5cff7e843d59b3ffd30e86d
\x25e4723f5859952d807ca1339e010c30e06656af,Team B,1.00E+22,10000,2022-05-06 15:03,\x9f66c2cf6c89e7634daafe95d482dfc9e47e3d60c5cff7e843d59b3ffd30e86d
\x253c65df365f451caf756f224dd124277a959430,Team B,1.00E+22,10000,2022-05-06 15:03,\x9f66c2cf6c89e7634daafe95d482dfc9e47e3d60c5cff7e843d59b3ffd30e86d
\x23b97fb0301883863bbbd8238d11fd51e95e7315,Team B,1.00E+22,10000,2022-05-06 15:03,\x9f66c2cf6c89e7634daafe95d482dfc9e47e3d60c5cff7e843d59b3ffd30e86d
\x219d4eb4b62972862a6b38d130427aa92eae1a69,Team B,1.00E+22,10000,2022-05-06 15:03,\x9f66c2cf6c89e7634daafe95d482dfc9e47e3d60c5cff7e843d59b3ffd30e86d
\x205c211a68e0b8c1a97d61b0b09099231b3c160d,Team B,1.00E+22,10000,2022-05-06 15:03,\x9f66c2cf6c89e7634daafe95d482dfc9e47e3d60c5cff7e843d59b3ffd30e86d
\x1ed66c33a46d57172e675a5b0e2207a1cc0db018,Team B,1.00E+22,10000,2022-05-06 15:03,\x9f66c2cf6c89e7634daafe95d482dfc9e47e3d60c5cff7e843d59b3ffd30e86d
\x1d932e6489b5e4091ee078db497799237b354191,Team B,1.00E+22,10000,2022-05-06 15:03,\x9f66c2cf6c89e7634daafe95d482dfc9e47e3d60c5cff7e843d59b3ffd30e86d
\x1d8ba67d23349ec047c67ba594f626737f245f0c,Team B,1.00E+22,10000,2022-05-06 15:03,\x9f66c2cf6c89e7634daafe95d482dfc9e47e3d60c5cff7e843d59b3ffd30e86d
\x1c0ec596303ce6666f5a4d24c29e78cf881cb5d3,Team B,1.00E+22,10000,2022-05-06 15:03,\x9f66c2cf6c89e7634daafe95d482dfc9e47e3d60c5cff7e843d59b3ffd30e86d
\x1b30c84e244361a99be770acd57ace184983c83d,Team B,1.00E+22,10000,2022-05-06 15:03,\x9f66c2cf6c89e7634daafe95d482dfc9e47e3d60c5cff7e843d59b3ffd30e86d
\x1b21b2d0c32618226f9745340bcae30ae4b507f3,Team B,1.00E+22,10000,2022-05-06 15:03,\x9f66c2cf6c89e7634daafe95d482dfc9e47e3d60c5cff7e843d59b3ffd30e86d
\x19ba3eeda313577888c145a5d7053df05471b460,Team B,1.00E+22,10000,2022-05-06 15:03,\x9f66c2cf6c89e7634daafe95d482dfc9e47e3d60c5cff7e843d59b3ffd30e86d
\x195f57b3ab6698e54a2afd1324fb3a3f9c76ff35,Team B,1.00E+22,10000,2022-05-06 15:03,\x9f66c2cf6c89e7634daafe95d482dfc9e47e3d60c5cff7e843d59b3ffd30e86d
\x18b1723c329ce96c001dca22af175778476f87ca,Team B,1.00E+22,10000,2022-05-06 15:03,\x9f66c2cf6c89e7634daafe95d482dfc9e47e3d60c5cff7e843d59b3ffd30e86d
\x18a428ce0c31584a21cf8cefdb8849d8013e1994,Team B,1.00E+22,10000,2022-05-06 15:03,\x9f66c2cf6c89e7634daafe95d482dfc9e47e3d60c5cff7e843d59b3ffd30e86d
\x18376a0e6f2975013d2866407ea4f4e2ff01b510,Team B,1.00E+22,10000,2022-05-06 15:03,\x9f66c2cf6c89e7634daafe95d482dfc9e47e3d60c5cff7e843d59b3ffd30e86d
\x14e2db3b0cffc333fcc2b6522365af893fb38161,Team B,1.00E+22,10000,2022-05-06 15:03,\x9f66c2cf6c89e7634daafe95d482dfc9e47e3d60c5cff7e843d59b3ffd30e86d
\x143e5867163967fb0032f0f20d63c824d7c2f3de,Team B,1.00E+22,10000,2022-05-06 15:03,\x9f66c2cf6c89e7634daafe95d482dfc9e47e3d60c5cff7e843d59b3ffd30e86d
\x13b0d26d0703cd7a13a52e4bfb90a48887e559a6,Team B,1.00E+22,10000,2022-05-06 15:03,\x9f66c2cf6c89e7634daafe95d482dfc9e47e3d60c5cff7e843d59b3ffd30e86d
\x138732bd8109847f5cb02541ecb17d24b1e9ff6e,Team B,1.00E+22,10000,2022-05-06 15:03,\x9f66c2cf6c89e7634daafe95d482dfc9e47e3d60c5cff7e843d59b3ffd30e86d
\x12d7145dce155f2b586ce1b2dffd267c69b86385,Team B,1.00E+22,10000,2022-05-06 15:03,\x9f66c2cf6c89e7634daafe95d482dfc9e47e3d60c5cff7e843d59b3ffd30e86d
\x10afed8ca88beac9ef7cc75b386caac1cdb1a201,Team B,1.00E+22,10000,2022-05-06 15:03,\x9f66c2cf6c89e7634daafe95d482dfc9e47e3d60c5cff7e843d59b3ffd30e86d
\x108c07764a22dfcffd08f0eb1a74e12f57002809,Team B,1.00E+22,10000,2022-05-06 15:03,\x9f66c2cf6c89e7634daafe95d482dfc9e47e3d60c5cff7e843d59b3ffd30e86d
\x1083653d83b2e9b147573642540dd80163359129,Team B,1.00E+22,10000,2022-05-06 15:03,\x9f66c2cf6c89e7634daafe95d482dfc9e47e3d60c5cff7e843d59b3ffd30e86d
\x0e7d12cd0b9d51e79bfcdd72c35f3dffae5abd67,Team B,1.00E+22,10000,2022-05-06 15:03,\x9f66c2cf6c89e7634daafe95d482dfc9e47e3d60c5cff7e843d59b3ffd30e86d
\x0e544457812a698ff051b5fe1859df6836214bb1,Team B,1.00E+22,10000,2022-05-06 15:03,\x9f66c2cf6c89e7634daafe95d482dfc9e47e3d60c5cff7e843d59b3ffd30e86d
\x0de156cb2202c682b41d3fbe8b785238ecf3f647,Team B,1.00E+22,10000,2022-05-06 15:03,\x9f66c2cf6c89e7634daafe95d482dfc9e47e3d60c5cff7e843d59b3ffd30e86d
\x0d36dd40ff721ac6e3f40fc3e36a5566609a03f1,Team B,1.00E+22,10000,2022-05-06 15:03,\x9f66c2cf6c89e7634daafe95d482dfc9e47e3d60c5cff7e843d59b3ffd30e86d
\x0c183b19cf8a07bb4319729150b0b3b4841c0866,Team B,1.00E+22,10000,2022-05-06 15:03,\x9f66c2cf6c89e7634daafe95d482dfc9e47e3d60c5cff7e843d59b3ffd30e86d
\x0c1633e0ba164a9def56d86d7c46afcbe4d28a77,Team B,1.00E+22,10000,2022-05-06 15:03,\x9f66c2cf6c89e7634daafe95d482dfc9e47e3d60c5cff7e843d59b3ffd30e86d
\x0bc99b862e5545d181cc7bfa71720712527aceee,Team B,1.00E+22,10000,2022-05-06 15:03,\x9f66c2cf6c89e7634daafe95d482dfc9e47e3d60c5cff7e843d59b3ffd30e86d
\x0aead38a4f99f8dae8944d31eb703b6c7cec4381,Team B,1.00E+22,10000,2022-05-06 15:03,\x9f66c2cf6c89e7634daafe95d482dfc9e47e3d60c5cff7e843d59b3ffd30e86d
\x09e3c4bf50a15225d4087fe089282cb5506dcce6,Team B,1.00E+22,10000,2022-05-06 15:03,\x9f66c2cf6c89e7634daafe95d482dfc9e47e3d60c5cff7e843d59b3ffd30e86d
\x0911a8b63fb80fcf7818db304bc4c475adc0b309,Team B,1.00E+22,10000,2022-05-06 15:03,\x9f66c2cf6c89e7634daafe95d482dfc9e47e3d60c5cff7e843d59b3ffd30e86d
\x06f65d4a643940d104eb608bf47b64ace9e4b60c,Team B,1.00E+22,10000,2022-05-06 15:03,\x9f66c2cf6c89e7634daafe95d482dfc9e47e3d60c5cff7e843d59b3ffd30e86d
\x06b428b209824e712857ae2bc6ba84c3d59553e9,Team B,1.00E+22,10000,2022-05-06 15:03,\x9f66c2cf6c89e7634daafe95d482dfc9e47e3d60c5cff7e843d59b3ffd30e86d
\x06a6aa05760613ae19c73e66c545ab9d9bb3f447,Team B,1.00E+22,10000,2022-05-06 15:03,\x9f66c2cf6c89e7634daafe95d482dfc9e47e3d60c5cff7e843d59b3ffd30e86d
\x05c9f9ea62c3c69ddf7221446d7dbf4e04b0c408,Team B,1.00E+22,10000,2022-05-06 15:03,\x9f66c2cf6c89e7634daafe95d482dfc9e47e3d60c5cff7e843d59b3ffd30e86d
\x05c254989526b621ced514f5dad9123fe4b803fd,Team B,1.00E+22,10000,2022-05-06 15:03,\x9f66c2cf6c89e7634daafe95d482dfc9e47e3d60c5cff7e843d59b3ffd30e86d
\x03f182ec7474877ec8d830a5fcb804fd132755c1,Team B,1.00E+22,10000,2022-05-06 15:03,\x9f66c2cf6c89e7634daafe95d482dfc9e47e3d60c5cff7e843d59b3ffd30e86d
\x034e1f7a66b582b68e511b325ed0ccb71bb4bc12,Team B,1.00E+22,10000,2022-05-06 15:03,\x9f66c2cf6c89e7634daafe95d482dfc9e47e3d60c5cff7e843d59b3ffd30e86d
\x0057bd83a142da84b6404616c683e21e7dd6fa5f,Team B,1.00E+22,10000,2022-05-06 15:03,\x9f66c2cf6c89e7634daafe95d482dfc9e47e3d60c5cff7e843d59b3ffd30e86d
\xefa168d4231b1ed0711260360647db6281c1ebbb,Team A,1E+20,100,2022-05-06 16:32,\x6cd11edb84f2964e0a22eed9f799e29de02606d9a448d047f7901ac7b0c0e822
\xe93c7f1b0b1fb4687758637009db421eb1df4530,Team A,1E+20,100,2022-05-06 16:32,\x6cd11edb84f2964e0a22eed9f799e29de02606d9a448d047f7901ac7b0c0e822
\xe7228e5631bfd293288dc8efd5fc2403e581de2e,Team A,1E+20,100,2022-05-06 16:32,\x6cd11edb84f2964e0a22eed9f799e29de02606d9a448d047f7901ac7b0c0e822
\xc8c3e484ddf92069eb3226df266c2c262902d835,Team A,1E+20,100,2022-05-06 16:32,\x6cd11edb84f2964e0a22eed9f799e29de02606d9a448d047f7901ac7b0c0e822
\x76cebb65b78987a9291a83dc27f010c2603ec3e5,Team A,1E+20,100,2022-05-06 16:32,\x6cd11edb84f2964e0a22eed9f799e29de02606d9a448d047f7901ac7b0c0e822
\x711888263273d7e6d2179ddb5b3fea4b41921911,Team A,1E+20,100,2022-05-06 16:32,\x6cd11edb84f2964e0a22eed9f799e29de02606d9a448d047f7901ac7b0c0e822
\x5dfc833b3e853f3e0d8d7b5bb2d2a66dd2b9d061,Team A,1E+20,100,2022-05-06 16:32,\x6cd11edb84f2964e0a22eed9f799e29de02606d9a448d047f7901ac7b0c0e822
\x50b13b54c917171a03ceb8216f3990535fc18097,Team A,1E+20,100,2022-05-06 16:32,\x6cd11edb84f2964e0a22eed9f799e29de02606d9a448d047f7901ac7b0c0e822
\x4abe0903ee68883e693293037973f5926827eb03,Team A,1E+20,100,2022-05-06 16:32,\x6cd11edb84f2964e0a22eed9f799e29de02606d9a448d047f7901ac7b0c0e822
\x4557144f54bc5d129a875a532c21db18481900ee,Team A,1E+20,100,2022-05-06 16:32,\x6cd11edb84f2964e0a22eed9f799e29de02606d9a448d047f7901ac7b0c0e822
\x0fa11d9d60c102edf601ee5fa11b84e640541982,Team A,1E+20,100,2022-05-06 16:32,\x6cd11edb84f2964e0a22eed9f799e29de02606d9a448d047f7901ac7b0c0e822
\x12ee827ae3b9390560eec8d6ac1685d8df99faf4,Team A,1E+20,100,2022-05-06 16:32,\x6cd11edb84f2964e0a22eed9f799e29de02606d9a448d047f7901ac7b0c0e822
\x1c85d6ae1336d0e4e3f165bbfa9641bfa04cedb1,Team A,1E+20,100,2022-05-06 16:32,\x6cd11edb84f2964e0a22eed9f799e29de02606d9a448d047f7901ac7b0c0e822
\x1cccede48295654b7e48333b47f54d24c4d612d9,Team A,1E+20,100,2022-05-06 16:32,\x6cd11edb84f2964e0a22eed9f799e29de02606d9a448d047f7901ac7b0c0e822
\x253a1dc6bbad8a62a8e8f7b21214fea2b78cb77e,Team A,1E+20,100,2022-05-06 16:32,\x6cd11edb84f2964e0a22eed9f799e29de02606d9a448d047f7901ac7b0c0e822
\x2916d837b5f3d4e83df9c6db717356bd89c6e9a5,Team A,1E+20,100,2022-05-06 16:32,\x6cd11edb84f2964e0a22eed9f799e29de02606d9a448d047f7901ac7b0c0e822
\x3e1a12a6019ee26418f22b656926fe38f5e58c5f,Team A,1E+20,100,2022-05-06 16:32,\x6cd11edb84f2964e0a22eed9f799e29de02606d9a448d047f7901ac7b0c0e822
\x3f80528837e792b23777977fa3aa7ad8a3eab4e7,Team A,1E+20,100,2022-05-06 16:32,\x6cd11edb84f2964e0a22eed9f799e29de02606d9a448d047f7901ac7b0c0e822
\x56f1e298002b2405759840d4b823daf2dbdd74e6,Team A,1E+20,100,2022-05-06 16:32,\x6cd11edb84f2964e0a22eed9f799e29de02606d9a448d047f7901ac7b0c0e822
\x5af27e3663c17e1b641d2698a1270a1fc7a20c59,Team A,1E+20,100,2022-05-06 16:32,\x6cd11edb84f2964e0a22eed9f799e29de02606d9a448d047f7901ac7b0c0e822
\x5d86327428d755f9f6a8b575714c0517b88c2c3a,Team A,1E+20,100,2022-05-06 16:32,\x6cd11edb84f2964e0a22eed9f799e29de02606d9a448d047f7901ac7b0c0e822
\x60325dd8b716ddb7a3405d17ccb659ce8ba9f2c3,Team A,1E+20,100,2022-05-06 16:32,\x6cd11edb84f2964e0a22eed9f799e29de02606d9a448d047f7901ac7b0c0e822
\x681099977c323282bb30be500139b0d9a4f8d9cb,Team A,1E+20,100,2022-05-06 16:32,\x6cd11edb84f2964e0a22eed9f799e29de02606d9a448d047f7901ac7b0c0e822
\x71b5c30c3dd69a8b8ed7a5fa7952bd305f19b5b3,Team A,1E+20,100,2022-05-06 16:32,\x6cd11edb84f2964e0a22eed9f799e29de02606d9a448d047f7901ac7b0c0e822
\x90f659686262a2149dfeb4b6ef88edc8fcc4e05a,Team A,1E+20,100,2022-05-06 16:32,\x6cd11edb84f2964e0a22eed9f799e29de02606d9a448d047f7901ac7b0c0e822
\x9803186b0dcd7833f1d24739c27e84063f7e891a,Team A,1E+20,100,2022-05-06 16:32,\x6cd11edb84f2964e0a22eed9f799e29de02606d9a448d047f7901ac7b0c0e822
\xafd1798233fbcd623eea576a80d555fe9c501b45,Team B,1.00E+22,10000,2022-05-06 16:33,\xb0b224507bbc2d94953c8e19ae3c45d1a996c36658d5a4bf8cb4b5ca7a695abc
\xc5232a75366a9b40a616aa606636548db716f038,Team B,1.00E+22,10000,2022-05-06 16:33,\xb0b224507bbc2d94953c8e19ae3c45d1a996c36658d5a4bf8cb4b5ca7a695abc
\xc8033f11a077694f82de5949bc6cf74efbcb241a,Team B,1.00E+22,10000,2022-05-06 16:33,\xb0b224507bbc2d94953c8e19ae3c45d1a996c36658d5a4bf8cb4b5ca7a695abc
\xdd8e898b37eaf390cf53790f2ea2cabedac7afa2,Team B,1.00E+22,10000,2022-05-06 16:33,\xb0b224507bbc2d94953c8e19ae3c45d1a996c36658d5a4bf8cb4b5ca7a695abc
\xe0e03ba22e14776dc972a50e6cca5ceedb3b972c,Team B,1.00E+22,10000,2022-05-06 16:33,\xb0b224507bbc2d94953c8e19ae3c45d1a996c36658d5a4bf8cb4b5ca7a695abc
\xefc05b0d0c8be8d4cb3a220ef582e9f7e6fbcd00,Team B,1.00E+22,10000,2022-05-06 16:33,\xb0b224507bbc2d94953c8e19ae3c45d1a996c36658d5a4bf8cb4b5ca7a695abc
\xf13e437fb07141cf53a9486e562b3553e96711df,Team B,1.00E+22,10000,2022-05-06 16:33,\xb0b224507bbc2d94953c8e19ae3c45d1a996c36658d5a4bf8cb4b5ca7a695abc
\xf68500d8ebc678077a9388cf0aa570536613f17c,Team B,1.00E+22,10000,2022-05-06 16:33,\xb0b224507bbc2d94953c8e19ae3c45d1a996c36658d5a4bf8cb4b5ca7a695abc
\x2402da10a6172ed018aeea22ca60ede1f766655c,Team B,1.00E+22,10000,2022-05-06 16:33,\xb0b224507bbc2d94953c8e19ae3c45d1a996c36658d5a4bf8cb4b5ca7a695abc
\xa18732dc751be0db04157eb92c92ba9d0fc09fc5,Team B,1.00E+22,10000,2022-05-08 13:45,\x07d261c966413ec1dd40d1eb5491272f957d4d6a69e8b51847f198e19ce7e20e
\x7db59a3c1e8505845f4a8bf373fd2cff42037ebd,Team B,1.00E+22,10000,2022-05-08 13:45,\x07d261c966413ec1dd40d1eb5491272f957d4d6a69e8b51847f198e19ce7e20e