eoa,grade,phase_one,phase_two,phase_three,Phase 1 Part 1: Find your team,Phase 1 Part 2: Intro to QV,Phase 1 Part 3: Split Choice QV,Phase 2 Part 1: Simple Coordination,Phase 2 Part 2: Complex Coordination,Phase 2 Part 2: Disrupted Coordination 1,Phase 2 Part 2: Disrupted Coordination 2,Phase 3 Part 1: Adversarial Voting I,Phase 3 Part 2: Adversarial Voting II,Phase 3 Part 3: Adversarial Voting III,Phase 3 Part 3: Adversarial Voting III BONUS,Phase 3 Part 4: Disruptive Voting,Phase 3 Part 4: Disruptive Voting BONUS,rewards_sum
0x2916D837B5F3D4E83df9c6DB717356Bd89C6e9A5,diamond,True,True,True,3.389830508474576,3.676470588235294,16.722408026755854,6.993006993006993,8.680555555555555,7.604562737642586,,9.132420091324201,12.295081967213115,16.06425702811245,,22.099447513812155,,106.65804101013278
0x77F7F8c188b3590FFA6426536b199fd84416D667,diamond,True,True,True,3.389830508474576,3.676470588235294,16.722408026755854,6.993006993006993,8.680555555555555,7.604562737642586,,9.132420091324201,12.295081967213115,16.06425702811245,,22.099447513812155,,106.65804101013278
0xd10deb645552c338Ef122b0D73bc0eB694Cd29D1,diamond,True,True,True,3.389830508474576,3.676470588235294,16.722408026755854,6.993006993006993,8.680555555555555,7.604562737642586,,9.132420091324201,12.295081967213115,16.06425702811245,,22.099447513812155,,106.65804101013278
0x25e4723F5859952D807ca1339E010c30E06656af,silver,True,False,False,3.389830508474576,3.676470588235294,16.722408026755854,,,,,9.132420091324201,,,,,,32.92112921478992
0x93AeCdbf7ef234D7A240974293a969e323C376C2,gold,False,True,True,,,,6.993006993006993,8.680555555555555,7.604562737642586,,9.132420091324201,12.295081967213115,16.06425702811245,,,,60.769884372854904
0x56F1e298002b2405759840d4b823dAF2dBDD74e6,gold,True,False,True,,,16.722408026755854,,8.680555555555555,7.604562737642586,,9.132420091324201,12.295081967213115,16.06425702811245,,,,70.49928540660378
0x4abE0903Ee68883e693293037973f5926827Eb03,diamond,True,True,True,3.389830508474576,,16.722408026755854,6.993006993006993,8.680555555555555,,,,12.295081967213115,16.06425702811245,,,,64.14514007911855
0x138732Bd8109847f5CB02541ECB17d24b1e9ff6E,diamond,True,True,True,3.389830508474576,3.676470588235294,16.722408026755854,6.993006993006993,8.680555555555555,7.604562737642586,31.746031746031747,9.132420091324201,12.295081967213115,16.06425702811245,55.55555555555556,,,171.86018079790796
0x5Fe9a92531Fe648666551a6cBaE2A7b817249c52,diamond,True,True,True,3.389830508474576,3.676470588235294,16.722408026755854,6.993006993006993,8.680555555555555,7.604562737642586,,9.132420091324201,12.295081967213115,16.06425702811245,,22.099447513812155,,106.65804101013278
0xB06e5CE2Fe560FAc1f4C4e7537D60A82d82359E3,diamond,True,True,True,3.389830508474576,3.676470588235294,16.722408026755854,6.993006993006993,8.680555555555555,7.604562737642586,,9.132420091324201,12.295081967213115,16.06425702811245,,22.099447513812155,,106.65804101013278
0x4a60A526c642ce63cf3Af8ff68b3f5F222611fBe,gold,True,False,True,3.389830508474576,,16.722408026755854,,,,,9.132420091324201,12.295081967213115,16.06425702811245,,,,57.6039976218802
0xFF79Ad62D19066E43B99eEd19f94E11b0E0B5688,diamond,True,True,True,3.389830508474576,3.676470588235294,16.722408026755854,6.993006993006993,8.680555555555555,7.604562737642586,,9.132420091324201,12.295081967213115,16.06425702811245,,22.099447513812155,,106.65804101013278
0x43f9873FCf56B25F605A45B89169213FF0fC9eC3,diamond,True,True,True,,3.676470588235294,16.722408026755854,6.993006993006993,8.680555555555555,7.604562737642586,31.746031746031747,9.132420091324201,12.295081967213115,16.06425702811245,55.55555555555556,,,168.47035028943338
0x4fE6B9C2f4F42Cc96ac38d7e7404A876E18879d5,diamond,True,True,True,3.389830508474576,3.676470588235294,16.722408026755854,6.993006993006993,8.680555555555555,7.604562737642586,,9.132420091324201,12.295081967213115,16.06425702811245,,22.099447513812155,,106.65804101013278
0xA24db1Dc8CE36C960BC4517d4B1eB3f3e7c10FFF,diamond,True,True,True,3.389830508474576,3.676470588235294,16.722408026755854,6.993006993006993,8.680555555555555,7.604562737642586,,9.132420091324201,12.295081967213115,16.06425702811245,,22.099447513812155,,106.65804101013278
0xb4e8865edE93E5b36CA856788C7C9D7Ad4Fe409D,silver,True,False,False,3.389830508474576,3.676470588235294,16.722408026755854,,,,,,,,,,,23.788709123465722
0xe4a050f884187169444Ae33Dd0Cc557146437D79,diamond,True,True,True,3.389830508474576,3.676470588235294,16.722408026755854,6.993006993006993,8.680555555555555,7.604562737642586,,9.132420091324201,12.295081967213115,16.06425702811245,,22.099447513812155,,106.65804101013278
0xFd3719bef669f5CeBBDA47B69E7814CF413e9517,diamond,True,True,True,3.389830508474576,3.676470588235294,16.722408026755854,6.993006993006993,8.680555555555555,7.604562737642586,,9.132420091324201,12.295081967213115,16.06425702811245,,22.099447513812155,,106.65804101013278
0x788A8A180F27f86B2148fbD7836ee6F0794D9296,diamond,True,True,True,3.389830508474576,3.676470588235294,16.722408026755854,6.993006993006993,8.680555555555555,7.604562737642586,,9.132420091324201,12.295081967213115,16.06425702811245,,22.099447513812155,,106.65804101013278
0x253c65Df365F451cAf756f224DD124277A959430,diamond,True,True,True,3.389830508474576,3.676470588235294,16.722408026755854,6.993006993006993,8.680555555555555,7.604562737642586,31.746031746031747,,12.295081967213115,16.06425702811245,55.55555555555556,,,162.72776070658375
0x4614267ee9e61ed08b91607F90aB9553eba2A559,diamond,True,True,True,3.389830508474576,3.676470588235294,16.722408026755854,6.993006993006993,8.680555555555555,7.604562737642586,,9.132420091324201,12.295081967213115,16.06425702811245,,22.099447513812155,,106.65804101013278
0xc7094fce0476b224A99e9186D6757022Bc989245,diamond,True,True,True,3.389830508474576,3.676470588235294,16.722408026755854,6.993006993006993,8.680555555555555,7.604562737642586,,9.132420091324201,12.295081967213115,16.06425702811245,,22.099447513812155,,106.65804101013278
0xFF78baD7F3FEfbf552a2978E1455D0126dA9BA76,diamond,True,True,True,3.389830508474576,3.676470588235294,16.722408026755854,6.993006993006993,8.680555555555555,7.604562737642586,,9.132420091324201,12.295081967213115,16.06425702811245,,22.099447513812155,,106.65804101013278
0xbE93d14C5dEFb8F41aF8FB092F58e3C71C712b85,gold,True,True,False,,,16.722408026755854,6.993006993006993,8.680555555555555,,,,,16.06425702811245,,,,48.46022760343085
0xCB06551543A48e812D72E00BF88C4eF80a29208e,diamond,True,True,True,3.389830508474576,3.676470588235294,16.722408026755854,6.993006993006993,8.680555555555555,7.604562737642586,,9.132420091324201,12.295081967213115,16.06425702811245,,22.099447513812155,,106.65804101013278
0x90Ed12c423cEE6a0CCECADB1C87482733bE3eF26,diamond,True,True,True,3.389830508474576,3.676470588235294,16.722408026755854,6.993006993006993,8.680555555555555,7.604562737642586,,9.132420091324201,12.295081967213115,16.06425702811245,,,,84.55859349632063
0xa1bc9F613297FE6201da0ffe5bF7f086A51CC365,diamond,True,True,True,3.389830508474576,3.676470588235294,16.722408026755854,6.993006993006993,8.680555555555555,7.604562737642586,,9.132420091324201,12.295081967213115,16.06425702811245,,22.099447513812155,,106.65804101013278
0xA8213ad427CC7C16cf6248e0653553bC3008A191,diamond,True,True,True,3.389830508474576,3.676470588235294,16.722408026755854,6.993006993006993,8.680555555555555,7.604562737642586,,,12.295081967213115,16.06425702811245,,,,75.42617340499643
0x67759Ab4d897093DEB1c036E74824dF0F75FdfE4,silver,True,False,False,3.389830508474576,3.676470588235294,16.722408026755854,,,,,,,,,,,23.788709123465722
0x93Ef4743CaD66D1707cf1E98464A11D6970aA399,silver,False,False,True,,,,,,,,,,,,,,0.0
0xa5ecE293c10fa3709303Dd39FF816D51c5D44234,diamond,True,True,True,3.389830508474576,3.676470588235294,16.722408026755854,6.993006993006993,8.680555555555555,7.604562737642586,,9.132420091324201,12.295081967213115,16.06425702811245,,22.099447513812155,,106.65804101013278
0xe1Da425d1880D3243f9Dfd3c9C2C3f09E73ACd6d,diamond,True,True,True,3.389830508474576,3.676470588235294,16.722408026755854,6.993006993006993,8.680555555555555,7.604562737642586,,9.132420091324201,12.295081967213115,16.06425702811245,,,,84.55859349632063
0x93803d334edFF050EB333F0337Ac0E728932bAA3,diamond,True,True,True,3.389830508474576,3.676470588235294,16.722408026755854,6.993006993006993,8.680555555555555,7.604562737642586,,9.132420091324201,12.295081967213115,16.06425702811245,,22.099447513812155,,106.65804101013278
0xf772Db956FFb322654b56839899C7F67125cf3f5,diamond,True,True,True,3.389830508474576,3.676470588235294,16.722408026755854,6.993006993006993,8.680555555555555,7.604562737642586,,,,16.06425702811245,,,,63.13109143778331
0x18b1723c329cE96c001DCa22Af175778476F87ca,diamond,True,True,True,3.389830508474576,3.676470588235294,16.722408026755854,6.993006993006993,8.680555555555555,7.604562737642586,31.746031746031747,9.132420091324201,12.295081967213115,16.06425702811245,55.55555555555556,22.099447513812155,78.94736842105263,272.90699673277277
0x9062A96B9E947b2b57283e705c97B871f5eB6561,diamond,True,True,True,3.389830508474576,3.676470588235294,16.722408026755854,6.993006993006993,8.680555555555555,7.604562737642586,,9.132420091324201,12.295081967213115,16.06425702811245,,,,84.55859349632063
0x4141F89a6e72213D993b25524003740bf795976C,diamond,True,True,True,3.389830508474576,3.676470588235294,16.722408026755854,6.993006993006993,8.680555555555555,7.604562737642586,31.746031746031747,9.132420091324201,12.295081967213115,16.06425702811245,55.55555555555556,22.099447513812155,78.94736842105263,272.90699673277277
0xE76a6619581dD7122Bc127a6F018BA035B182AAA,diamond,True,True,True,3.389830508474576,3.676470588235294,16.722408026755854,6.993006993006993,8.680555555555555,7.604562737642586,,9.132420091324201,12.295081967213115,16.06425702811245,,22.099447513812155,,106.65804101013278
0xF3551c1d8AC61569E482ABc05EefAE4ccCEF32C1,diamond,True,True,True,3.389830508474576,3.676470588235294,16.722408026755854,6.993006993006993,8.680555555555555,7.604562737642586,,,12.295081967213115,16.06425702811245,,,,75.42617340499643
0x2dA7c7054362f8704f7339d2B78598f48ED06252,diamond,True,True,True,3.389830508474576,3.676470588235294,16.722408026755854,6.993006993006993,8.680555555555555,7.604562737642586,31.746031746031747,,,,,22.099447513812155,78.94736842105263,179.8596820905674
0x9a1E402D39cb2D49cf23E6767C6458126eA24631,diamond,True,True,True,3.389830508474576,3.676470588235294,16.722408026755854,6.993006993006993,8.680555555555555,7.604562737642586,,9.132420091324201,12.295081967213115,16.06425702811245,,,,84.55859349632063
0x542aF4Dda22Ae22BAE41ea32FAFcfB6aF00D8ac5,silver,False,True,False,,,,6.993006993006993,8.680555555555555,7.604562737642586,,,,,,,,23.278125286205135
0xBFf1a2F422274cB7dA1Ada4704F2eB0B55297B84,diamond,True,True,True,3.389830508474576,3.676470588235294,16.722408026755854,6.993006993006993,8.680555555555555,7.604562737642586,,9.132420091324201,12.295081967213115,16.06425702811245,,22.099447513812155,,106.65804101013278
0xc2fF8b2Fb8082c811B310cA1c2D5cB235F3059bB,diamond,True,True,True,3.389830508474576,3.676470588235294,16.722408026755854,6.993006993006993,8.680555555555555,7.604562737642586,,9.132420091324201,12.295081967213115,16.06425702811245,,,,84.55859349632063
0xEd534F3F4CDF9df19C3082189964E5e8D162D862,diamond,True,True,True,3.389830508474576,3.676470588235294,16.722408026755854,6.993006993006993,8.680555555555555,7.604562737642586,,,,,,22.099447513812155,,69.16628192348301
0x253a1dc6BBad8A62a8e8F7B21214FEa2B78CB77E,silver,True,False,False,3.389830508474576,3.676470588235294,16.722408026755854,,,,,,,,,,,23.788709123465722
0x76CeBB65B78987A9291A83dc27f010c2603eC3e5,diamond,True,True,True,3.389830508474576,3.676470588235294,16.722408026755854,6.993006993006993,8.680555555555555,7.604562737642586,,9.132420091324201,12.295081967213115,16.06425702811245,,22.099447513812155,,106.65804101013278
0xdD8E898B37EAF390CF53790f2ea2CABeDac7afA2,silver,True,False,False,3.389830508474576,3.676470588235294,16.722408026755854,,,,,,,,,,,23.788709123465722
0x8DF5d18F91333F5591E9331b460d5e501C43B4b3,diamond,True,True,True,3.389830508474576,,16.722408026755854,6.993006993006993,8.680555555555555,7.604562737642586,,9.132420091324201,12.295081967213115,16.06425702811245,,,,80.88212290808534
0xdE6F17794861E1E13104285Cd2dabFC478BfB679,diamond,True,True,True,3.389830508474576,3.676470588235294,16.722408026755854,6.993006993006993,8.680555555555555,7.604562737642586,,9.132420091324201,12.295081967213115,16.06425702811245,,,,84.55859349632063
0x3c85828022aADB9f2F04788550F8130cc5241398,silver,False,False,True,,,,,,,,,,16.06425702811245,55.55555555555556,,,71.61981258366801
0x9583Ca25eC7770B1d575D0c4C76B79cE257e6645,diamond,True,True,True,3.389830508474576,3.676470588235294,16.722408026755854,6.993006993006993,8.680555555555555,7.604562737642586,,9.132420091324201,12.295081967213115,16.06425702811245,,,,84.55859349632063
0x9f5Aa14327fB4b61F6F7f1B205501fD1A66bc183,diamond,True,True,True,3.389830508474576,3.676470588235294,16.722408026755854,6.993006993006993,8.680555555555555,7.604562737642586,,9.132420091324201,12.295081967213115,16.06425702811245,,22.099447513812155,,106.65804101013278
0x94f7c3b5dB467E32079D8aFF166D1A5C19c97a6a,diamond,True,True,True,3.389830508474576,3.676470588235294,16.722408026755854,6.993006993006993,8.680555555555555,7.604562737642586,,9.132420091324201,12.295081967213115,16.06425702811245,,22.099447513812155,,106.65804101013278
0x3B8e502c1cf7027560F318FD21066d3Ca49F52f5,diamond,True,True,True,3.389830508474576,3.676470588235294,16.722408026755854,6.993006993006993,8.680555555555555,7.604562737642586,31.746031746031747,,12.295081967213115,16.06425702811245,55.55555555555556,22.099447513812155,78.94736842105263,263.77457664144856
0x05c254989526b621ceD514f5daD9123fE4B803Fd,diamond,True,True,True,3.389830508474576,3.676470588235294,16.722408026755854,6.993006993006993,8.680555555555555,7.604562737642586,31.746031746031747,9.132420091324201,12.295081967213115,16.06425702811245,55.55555555555556,22.099447513812155,78.94736842105263,272.90699673277277
0x87Ba6696F9a7bB845b9C45A28F44b1D5A365Fa37,diamond,True,True,True,3.389830508474576,3.676470588235294,16.722408026755854,6.993006993006993,8.680555555555555,7.604562737642586,,9.132420091324201,12.295081967213115,16.06425702811245,,,,84.55859349632063
0xCcEbE8104A3aa1a440461f5F4f6c38FBdFB30802,gold,False,True,True,,,16.722408026755854,6.993006993006993,8.680555555555555,7.604562737642586,,9.132420091324201,12.295081967213115,16.06425702811245,,,,77.49229239961076
0xc6D15113E2FC44064e2CE8dF7A5c38e01ad6bcd5,diamond,True,True,True,3.389830508474576,3.676470588235294,16.722408026755854,6.993006993006993,8.680555555555555,7.604562737642586,,9.132420091324201,12.295081967213115,16.06425702811245,,22.099447513812155,,106.65804101013278
0xa06ea9cc58D0d50C033A1b55F1399fb6909b65AF,diamond,True,True,True,3.389830508474576,3.676470588235294,16.722408026755854,6.993006993006993,8.680555555555555,7.604562737642586,,9.132420091324201,12.295081967213115,16.06425702811245,,,,84.55859349632063
0x7aadB669c2fBf10bc0401bF69767A6C8dc767c63,diamond,True,True,True,3.389830508474576,3.676470588235294,16.722408026755854,6.993006993006993,8.680555555555555,7.604562737642586,,9.132420091324201,12.295081967213115,16.06425702811245,,22.099447513812155,,106.65804101013278
0x0C1633e0BA164a9DEf56d86d7c46afCBe4d28a77,diamond,True,True,True,3.389830508474576,3.676470588235294,16.722408026755854,6.993006993006993,8.680555555555555,7.604562737642586,31.746031746031747,9.132420091324201,12.295081967213115,16.06425702811245,55.55555555555556,22.099447513812155,78.94736842105263,272.90699673277277
0x10AFed8ca88beAC9ef7CC75b386caac1CDB1a201,silver,False,False,True,3.389830508474576,,,,8.680555555555555,,,9.132420091324201,12.295081967213115,16.06425702811245,55.55555555555556,,,105.11770070623545
0xF68500D8Ebc678077A9388Cf0Aa570536613f17C,gold,True,False,True,3.389830508474576,3.676470588235294,16.722408026755854,,,,,,12.295081967213115,16.06425702811245,55.55555555555556,,,107.70360367434685
0x4cF5DB7f72766Df7Fa9495F5afb1e0B4a94c3978,diamond,True,True,True,3.389830508474576,3.676470588235294,16.722408026755854,6.993006993006993,8.680555555555555,7.604562737642586,,9.132420091324201,12.295081967213115,16.06425702811245,,22.099447513812155,,106.65804101013278
0xB9B6CEc863aEA619be2e1f2739E57854ff3F9d8b,diamond,True,True,True,3.389830508474576,3.676470588235294,16.722408026755854,6.993006993006993,8.680555555555555,7.604562737642586,,9.132420091324201,12.295081967213115,16.06425702811245,,22.099447513812155,,106.65804101013278
0x50b13b54C917171a03CEb8216f3990535fC18097,gold,False,True,True,3.389830508474576,3.676470588235294,,6.993006993006993,8.680555555555555,7.604562737642586,,9.132420091324201,12.295081967213115,16.06425702811245,,22.099447513812155,,89.93563298337693
0xD6a090e23033dd1F370fcfc2293C3C2c97B7FbCe,silver,False,False,True,3.389830508474576,,16.722408026755854,6.993006993006993,,7.604562737642586,,9.132420091324201,12.295081967213115,16.06425702811245,,22.099447513812155,,94.30101486634193
0x0fa11D9d60C102eDF601ee5FA11b84e640541982,gold,True,False,True,,,16.722408026755854,,,,,,12.295081967213115,16.06425702811245,,,,45.081747022081416
0xfbb86b509a1f6B8F94Ed8A40B880Ca4272c96506,diamond,True,True,True,3.389830508474576,3.676470588235294,16.722408026755854,6.993006993006993,8.680555555555555,7.604562737642586,,9.132420091324201,12.295081967213115,16.06425702811245,,22.099447513812155,,106.65804101013278
0x85cf22d065b1F686faa6Afa96C2C5Eb7dc257239,diamond,True,True,True,3.389830508474576,3.676470588235294,16.722408026755854,6.993006993006993,8.680555555555555,7.604562737642586,,9.132420091324201,12.295081967213115,16.06425702811245,,22.099447513812155,,106.65804101013278
0x8D339490827b323295DA0A003096e18b0Dd99A2F,silver,False,False,True,3.389830508474576,,,,8.680555555555555,,,9.132420091324201,12.295081967213115,16.06425702811245,,,,49.562145150679896
0xf7c6382Da0A3ee08aD4c201b01E33e122600Ab6f,gold,False,True,True,,,,6.993006993006993,8.680555555555555,7.604562737642586,,9.132420091324201,12.295081967213115,16.06425702811245,,22.099447513812155,,82.86933188666706
0xBd1eA07bcc208715e099588adD684eD78F3FF3ed,gold,False,True,True,,,16.722408026755854,6.993006993006993,8.680555555555555,7.604562737642586,,9.132420091324201,12.295081967213115,16.06425702811245,,22.099447513812155,,99.59173991342291
0x1c0eC596303Ce6666f5a4D24c29e78Cf881cb5d3,diamond,True,True,True,3.389830508474576,3.676470588235294,16.722408026755854,6.993006993006993,8.680555555555555,7.604562737642586,31.746031746031747,9.132420091324201,12.295081967213115,16.06425702811245,55.55555555555556,22.099447513812155,78.94736842105263,272.90699673277277
0xF3062faAA61CD4Ee6E8705135A3Bc6419CD766B2,diamond,True,True,True,3.389830508474576,3.676470588235294,16.722408026755854,6.993006993006993,8.680555555555555,7.604562737642586,,9.132420091324201,12.295081967213115,16.06425702811245,,,,84.55859349632063
0x0911a8b63Fb80FCF7818db304BC4c475ADC0b309,diamond,True,True,True,3.389830508474576,3.676470588235294,16.722408026755854,6.993006993006993,8.680555555555555,7.604562737642586,31.746031746031747,,,16.06425702811245,55.55555555555556,,,150.4326787393706
0xF9f2Abcc9df889794b60f0791A784F5a97d32920,gold,True,False,True,3.389830508474576,3.676470588235294,16.722408026755854,6.993006993006993,8.680555555555555,,,9.132420091324201,12.295081967213115,16.06425702811245,,22.099447513812155,,99.0534782724902
0xc8033F11A077694f82De5949BC6cf74efbCB241a,diamond,True,True,True,3.389830508474576,3.676470588235294,16.722408026755854,6.993006993006993,8.680555555555555,7.604562737642586,31.746031746031747,,,,,22.099447513812155,78.94736842105263,179.8596820905674
0x19Ba3eedA313577888C145a5d7053Df05471b460,gold,True,True,False,3.389830508474576,3.676470588235294,16.722408026755854,6.993006993006993,8.680555555555555,7.604562737642586,31.746031746031747,,,,,,,78.81286615570261
0x711888263273D7e6D2179DDB5B3fea4B41921911,diamond,True,True,True,3.389830508474576,3.676470588235294,16.722408026755854,6.993006993006993,8.680555555555555,7.604562737642586,,,12.295081967213115,16.06425702811245,,22.099447513812155,,97.52562091880858
0x0d36dD40FF721aC6E3f40FC3e36A5566609A03F1,diamond,True,True,True,3.389830508474576,3.676470588235294,16.722408026755854,6.993006993006993,8.680555555555555,7.604562737642586,31.746031746031747,,12.295081967213115,16.06425702811245,55.55555555555556,22.099447513812155,78.94736842105263,263.77457664144856
0x6c00522bd7F6253CD002C02a6bee95c8C775dA45,diamond,True,True,True,3.389830508474576,3.676470588235294,16.722408026755854,6.993006993006993,8.680555555555555,7.604562737642586,,9.132420091324201,12.295081967213115,16.06425702811245,,22.099447513812155,,106.65804101013278
0x6BcFB1F96A3d270F00dEAb39Fd50e78096576113,silver,True,False,False,3.389830508474576,,16.722408026755854,6.993006993006993,8.680555555555555,,,,,,,,,35.78580108379298
0x06b428B209824e712857Ae2bc6bA84c3D59553E9,diamond,True,True,True,3.389830508474576,3.676470588235294,16.722408026755854,6.993006993006993,8.680555555555555,7.604562737642586,31.746031746031747,9.132420091324201,12.295081967213115,16.06425702811245,55.55555555555556,22.099447513812155,78.94736842105263,272.90699673277277
0x36db7DF1D5A563D6E707ffc976B46Dd4872A8BF0,diamond,True,True,True,3.389830508474576,3.676470588235294,16.722408026755854,6.993006993006993,8.680555555555555,7.604562737642586,31.746031746031747,9.132420091324201,12.295081967213115,16.06425702811245,55.55555555555556,22.099447513812155,78.94736842105263,272.90699673277277
0x993192a774609176f59325E9C0aFd0641917D0DB,diamond,True,True,True,3.389830508474576,3.676470588235294,16.722408026755854,6.993006993006993,8.680555555555555,7.604562737642586,,,,,,,,47.06683440967086
0xb5cBB2f3B5d3A72a88aF6c3739579A18D5235755,diamond,True,True,True,3.389830508474576,3.676470588235294,16.722408026755854,6.993006993006993,8.680555555555555,7.604562737642586,,,,,,,,47.06683440967086
0xbfb9dE8eDeA96A68832404910D548F58b9F998b1,diamond,True,True,True,3.389830508474576,3.676470588235294,16.722408026755854,6.993006993006993,8.680555555555555,7.604562737642586,,9.132420091324201,12.295081967213115,16.06425702811245,,22.099447513812155,,106.65804101013278
0x4D8BD62C7Cb6769795410C5d1209cc09bfE16C60,diamond,True,True,True,3.389830508474576,3.676470588235294,16.722408026755854,6.993006993006993,8.680555555555555,7.604562737642586,,9.132420091324201,12.295081967213115,16.06425702811245,,22.099447513812155,,106.65804101013278
0x8Da2a6295d092efe85A4Dac62F9a6cBC3Ef01b7B,diamond,True,True,True,3.389830508474576,3.676470588235294,16.722408026755854,6.993006993006993,8.680555555555555,,,9.132420091324201,12.295081967213115,16.06425702811245,,22.099447513812155,,99.0534782724902
0x3f46d5c350959361d9CFE71C03dDb3caa3CC93B4,gold,True,True,False,3.389830508474576,3.676470588235294,16.722408026755854,6.993006993006993,8.680555555555555,7.604562737642586,31.746031746031747,,,,,,,78.81286615570261
0x2EFd13e44e4e68d55b9730811FE04B949789cF69,gold,True,False,True,3.389830508474576,3.676470588235294,16.722408026755854,6.993006993006993,8.680555555555555,,31.746031746031747,,12.295081967213115,16.06425702811245,55.55555555555556,22.099447513812155,78.94736842105263,256.17001390380597
0x3b5569A21010a908eA9aCaCCfa9a21dB41292b43,diamond,True,True,True,3.389830508474576,3.676470588235294,16.722408026755854,6.993006993006993,8.680555555555555,7.604562737642586,31.746031746031747,,12.295081967213115,16.06425702811245,55.55555555555556,,,162.72776070658375
0x446a3E8DEa79f232EBf35010B39578C30c8E7f94,diamond,True,True,True,3.389830508474576,3.676470588235294,16.722408026755854,6.993006993006993,8.680555555555555,7.604562737642586,,9.132420091324201,,16.06425702811245,,22.099447513812155,,94.36295904291967
0xBd4718eDcA87EbbBC9F501938b4a7Bb6dd6F8B86,diamond,True,True,True,3.389830508474576,3.676470588235294,16.722408026755854,6.993006993006993,8.680555555555555,7.604562737642586,,9.132420091324201,12.295081967213115,16.06425702811245,,22.099447513812155,,106.65804101013278
0x8818cb8498096FCc2c7cfE397Bf6964AEF7d2754,diamond,True,True,True,3.389830508474576,3.676470588235294,16.722408026755854,6.993006993006993,8.680555555555555,7.604562737642586,,9.132420091324201,12.295081967213115,16.06425702811245,,22.099447513812155,,106.65804101013278
0x6af6D4c57b3d48D614ECc52f6C25242783Dec71A,gold,True,True,False,3.389830508474576,3.676470588235294,16.722408026755854,6.993006993006993,8.680555555555555,7.604562737642586,,,,,,,,47.06683440967086
0xfC744e67dC1D3eF15E014C13Ab3D86fE3D2e18ae,diamond,True,True,True,3.389830508474576,3.676470588235294,16.722408026755854,6.993006993006993,8.680555555555555,7.604562737642586,,9.132420091324201,12.295081967213115,16.06425702811245,,22.099447513812155,,106.65804101013278
0x90B7903F465600923CE2A18c0aA222bA79784b6A,gold,True,True,False,3.389830508474576,3.676470588235294,16.722408026755854,6.993006993006993,8.680555555555555,7.604562737642586,,,,,,,,47.06683440967086
0x3f4d0a6654c8365B42DcAa8AA92d9034e2A6141f,diamond,True,True,True,3.389830508474576,3.676470588235294,16.722408026755854,6.993006993006993,8.680555555555555,7.604562737642586,31.746031746031747,9.132420091324201,12.295081967213115,16.06425702811245,55.55555555555556,22.099447513812155,78.94736842105263,272.90699673277277
0x12D7145dcE155f2b586CE1B2DfFd267c69b86385,gold,True,True,False,3.389830508474576,3.676470588235294,16.722408026755854,6.993006993006993,8.680555555555555,7.604562737642586,31.746031746031747,,12.295081967213115,,,,,91.10794812291573
0xb90440Ee1FAc3172A630470F4aDcB99d0fEE936D,diamond,True,True,True,3.389830508474576,3.676470588235294,16.722408026755854,6.993006993006993,8.680555555555555,7.604562737642586,,,12.295081967213115,16.06425702811245,,,,75.42617340499643
0xBE8C93a8C18AF63aAB449994AFAc13E71240ccC4,diamond,True,True,True,3.389830508474576,3.676470588235294,16.722408026755854,6.993006993006993,8.680555555555555,7.604562737642586,,9.132420091324201,12.295081967213115,16.06425702811245,,22.099447513812155,,106.65804101013278
0x681099977c323282BB30BE500139B0D9a4F8d9cB,diamond,True,True,True,3.389830508474576,3.676470588235294,16.722408026755854,6.993006993006993,8.680555555555555,7.604562737642586,,9.132420091324201,12.295081967213115,16.06425702811245,,22.099447513812155,,106.65804101013278
0x426874a11E30F6A9eFCA3715A84d3B5142Fce4BB,silver,True,False,False,3.389830508474576,3.676470588235294,16.722408026755854,,,,,,,,,,,23.788709123465722
0x034e1f7A66b582B68E511B325ED0cCB71bb4bc12,diamond,True,True,True,3.389830508474576,3.676470588235294,16.722408026755854,6.993006993006993,8.680555555555555,7.604562737642586,31.746031746031747,9.132420091324201,12.295081967213115,16.06425702811245,55.55555555555556,22.099447513812155,78.94736842105263,272.90699673277277
0x517E6E444fb0E565CF07597e8FC692B2C05E8Bda,diamond,True,True,True,,,16.722408026755854,6.993006993006993,8.680555555555555,7.604562737642586,,,12.295081967213115,,,,,52.295615280174104
0xDe5701C91E479888878f9AEbf1DeCc0B10D88cB5,diamond,True,True,True,3.389830508474576,3.676470588235294,16.722408026755854,6.993006993006993,8.680555555555555,7.604562737642586,,9.132420091324201,12.295081967213115,16.06425702811245,,22.099447513812155,,106.65804101013278
0xDA615562970f622B1E174B335c9e3B2a96264B14,diamond,True,True,True,3.389830508474576,3.676470588235294,16.722408026755854,6.993006993006993,8.680555555555555,7.604562737642586,,9.132420091324201,12.295081967213115,16.06425702811245,,22.099447513812155,,106.65804101013278
0xC307c55d8038265FB9337Cfc4bF36B874289482b,diamond,True,True,True,3.389830508474576,3.676470588235294,16.722408026755854,6.993006993006993,8.680555555555555,7.604562737642586,,9.132420091324201,12.295081967213115,16.06425702811245,,22.099447513812155,,106.65804101013278
0x91690be5446EC084f22fB2bd542B3d58e98aBAA4,diamond,True,True,True,3.389830508474576,3.676470588235294,16.722408026755854,6.993006993006993,8.680555555555555,7.604562737642586,,9.132420091324201,12.295081967213115,16.06425702811245,,22.099447513812155,,106.65804101013278
0x05c9f9Ea62c3C69dDF7221446d7Dbf4E04b0c408,diamond,True,True,True,3.389830508474576,3.676470588235294,16.722408026755854,6.993006993006993,8.680555555555555,7.604562737642586,31.746031746031747,9.132420091324201,12.295081967213115,16.06425702811245,55.55555555555556,22.099447513812155,78.94736842105263,272.90699673277277
0xe222e11129A5FEfDEBcc0572a10A6dEAcc35E6C0,diamond,True,True,True,3.389830508474576,3.676470588235294,16.722408026755854,6.993006993006993,8.680555555555555,7.604562737642586,,9.132420091324201,12.295081967213115,16.06425702811245,,,,84.55859349632063
0x4ebE8ddDBEaC2deA6dfBB77d48A4d84C96D2DCF1,diamond,True,True,True,3.389830508474576,3.676470588235294,16.722408026755854,6.993006993006993,8.680555555555555,7.604562737642586,,9.132420091324201,12.295081967213115,16.06425702811245,,22.099447513812155,,106.65804101013278
0xEB4872B4c995f6613077090438EaE69CfEFF142f,diamond,True,True,True,3.389830508474576,3.676470588235294,16.722408026755854,6.993006993006993,8.680555555555555,7.604562737642586,,9.132420091324201,12.295081967213115,16.06425702811245,,22.099447513812155,,106.65804101013278
0xf331f8Cbcd9100292258D2a1986A4a2e7435e453,gold,True,False,True,3.389830508474576,3.676470588235294,16.722408026755854,6.993006993006993,,7.604562737642586,,9.132420091324201,12.295081967213115,16.06425702811245,,,,75.87803794076507
0x06a6Aa05760613Ae19c73E66c545aB9d9Bb3f447,diamond,True,True,True,3.389830508474576,3.676470588235294,16.722408026755854,6.993006993006993,8.680555555555555,7.604562737642586,31.746031746031747,9.132420091324201,12.295081967213115,16.06425702811245,55.55555555555556,,,171.86018079790796
0x97cD70611075e6eae5d64A9908D6fE2592438C88,gold,True,True,False,3.389830508474576,3.676470588235294,16.722408026755854,6.993006993006993,8.680555555555555,7.604562737642586,,,,,,,,47.06683440967086
0xf7AF0b2277a6cAa0D8a3A1B1eA21F5C6E13dCA74,diamond,True,True,True,3.389830508474576,3.676470588235294,16.722408026755854,6.993006993006993,8.680555555555555,7.604562737642586,,9.132420091324201,12.295081967213115,16.06425702811245,,22.099447513812155,,106.65804101013278
0x9b18e9e9aa3dD35100b385b7035C0B1E44AfcA14,diamond,True,True,True,3.389830508474576,3.676470588235294,16.722408026755854,6.993006993006993,8.680555555555555,7.604562737642586,,,12.295081967213115,16.06425702811245,,,,75.42617340499643
0x9f24Aa4aDC816066D71f0d7362f89c6590Dd8e93,diamond,True,True,True,3.389830508474576,3.676470588235294,16.722408026755854,6.993006993006993,8.680555555555555,7.604562737642586,,9.132420091324201,12.295081967213115,16.06425702811245,,22.099447513812155,,106.65804101013278
0x66342CDb636aba7b1CcC2F95EFABbC7bA3B1947D,silver,False,True,False,,,,6.993006993006993,8.680555555555555,7.604562737642586,,,,,,,,23.278125286205135
0xd164984268bC6e81Ce9a5109C955b96E4edBEE89,silver,True,False,False,3.389830508474576,,16.722408026755854,,,,,,,,,,,20.112238535230432
0x5B9f0Eef7bfBD54ba21cD7409BBdFEf12136421a,diamond,True,True,True,3.389830508474576,3.676470588235294,16.722408026755854,6.993006993006993,8.680555555555555,7.604562737642586,,9.132420091324201,12.295081967213115,16.06425702811245,,22.099447513812155,,106.65804101013278
0xf70187689247683018200780Fd1418fb3De20D67,diamond,True,True,True,3.389830508474576,3.676470588235294,16.722408026755854,6.993006993006993,8.680555555555555,7.604562737642586,,,,,,22.099447513812155,,69.16628192348301
0xd944633d12e0ECf7e88D6b6248bC192d2e24226d,diamond,True,True,True,3.389830508474576,3.676470588235294,16.722408026755854,6.993006993006993,8.680555555555555,7.604562737642586,,9.132420091324201,12.295081967213115,16.06425702811245,,,,84.55859349632063
0x3f80528837E792b23777977fA3AA7aD8A3eAb4e7,silver,True,False,False,3.389830508474576,3.676470588235294,16.722408026755854,,,,,,,,,,,23.788709123465722
0x5055DefaCe85f86112E31A2b9694E1F0e9e23961,silver,False,False,True,,,,,,,,,12.295081967213115,16.06425702811245,,22.099447513812155,,50.458786509137724
0x95ED91E587F17A311CD216C704A2CBd06CFf085a,silver,True,False,False,,,16.722408026755854,,,,,,,,,,,16.722408026755854
0x2F854d94E20EC243cB05e2b1F8e6E9Da45a50f5F,diamond,True,True,True,3.389830508474576,3.676470588235294,16.722408026755854,6.993006993006993,8.680555555555555,7.604562737642586,31.746031746031747,,,16.06425702811245,55.55555555555556,22.099447513812155,78.94736842105263,251.47949467423538
0x97281D9da948509A271D84d11FBCF0377b130515,diamond,True,True,True,3.389830508474576,3.676470588235294,16.722408026755854,6.993006993006993,8.680555555555555,7.604562737642586,,9.132420091324201,12.295081967213115,16.06425702811245,,22.099447513812155,,106.65804101013278
0xb05Be1C90d5eE13b3C9268E30Bf507D9F9a901DE,diamond,True,True,True,3.389830508474576,3.676470588235294,16.722408026755854,6.993006993006993,8.680555555555555,7.604562737642586,,,,,,22.099447513812155,,69.16628192348301
0xa9b5Da22440DEDd72535EC0525582Ca0B63bE5E1,diamond,True,True,True,3.389830508474576,3.676470588235294,16.722408026755854,6.993006993006993,8.680555555555555,7.604562737642586,,9.132420091324201,12.295081967213115,16.06425702811245,,,,84.55859349632063
0xAE60a8CBC37cfDE7aE14047C95BDCA81AA159ae0,gold,True,False,True,3.389830508474576,3.676470588235294,16.722408026755854,6.993006993006993,,7.604562737642586,,9.132420091324201,12.295081967213115,16.06425702811245,,22.099447513812155,,97.97748545457722
0xb5EbF7fAC6F40583261758A7347E8EaA41935524,diamond,True,True,True,3.389830508474576,3.676470588235294,16.722408026755854,6.993006993006993,8.680555555555555,7.604562737642586,,9.132420091324201,12.295081967213115,16.06425702811245,,22.099447513812155,,106.65804101013278
0x62Ec589cc2A82816599A7C6f9d145A62D90C17cB,silver,False,False,True,,,,,8.680555555555555,,,9.132420091324201,12.295081967213115,16.06425702811245,,22.099447513812155,,68.27176215601747
0x9f1842a615a14BCe5723f4C5019D6f67c889B632,silver,True,False,False,3.389830508474576,3.676470588235294,16.722408026755854,,,,,,,,,,,23.788709123465722
0x81Fa725f8ceBd030939aB8B649507f733101AE95,gold,True,True,False,3.389830508474576,3.676470588235294,16.722408026755854,6.993006993006993,8.680555555555555,,,9.132420091324201,12.295081967213115,,,,,60.88977373056559
0x6339A73610969b50f0B91122bB90E231046b112f,diamond,True,True,True,3.389830508474576,3.676470588235294,16.722408026755854,6.993006993006993,8.680555555555555,7.604562737642586,,9.132420091324201,12.295081967213115,16.06425702811245,,22.099447513812155,,106.65804101013278
0xe99dc1864b1bea3EFd8b87d5CEc5b7b65ff23379,silver,True,False,False,3.389830508474576,,16.722408026755854,6.993006993006993,8.680555555555555,,,,,,,,,35.78580108379298
0x6D6ed67479D02d63A4A0F111A6D76fF93Bb2D23D,diamond,True,True,True,3.389830508474576,3.676470588235294,16.722408026755854,6.993006993006993,8.680555555555555,7.604562737642586,,9.132420091324201,12.295081967213115,16.06425702811245,,22.099447513812155,,106.65804101013278
0x5DBd467fed615a72Ef9aBD63f969Fe4856F0C9d6,silver,False,False,True,3.389830508474576,,,,8.680555555555555,,,9.132420091324201,12.295081967213115,16.06425702811245,,,,49.562145150679896
0x26260b28Ce15a5Aae6C61283693F6C677Db05953,diamond,True,True,True,3.389830508474576,3.676470588235294,16.722408026755854,6.993006993006993,8.680555555555555,,31.746031746031747,,,,,,,71.20830341806001
0x60325dd8b716dDb7A3405d17cCB659CE8ba9F2c3,diamond,True,True,True,3.389830508474576,3.676470588235294,16.722408026755854,6.993006993006993,8.680555555555555,7.604562737642586,,,,,,22.099447513812155,,69.16628192348301
0x2F595C056e785E13579128DF27cAD2968d034BA4,diamond,True,True,True,3.389830508474576,3.676470588235294,16.722408026755854,6.993006993006993,8.680555555555555,,,,,,,22.099447513812155,78.94736842105263,140.50908760689305
0xd190071695De93377D8abd1E5a9dCB0e7c162cbA,diamond,True,True,True,3.389830508474576,3.676470588235294,16.722408026755854,6.993006993006993,8.680555555555555,7.604562737642586,,9.132420091324201,12.295081967213115,16.06425702811245,,22.099447513812155,,106.65804101013278
0xdDC570BAFD31c4a3545A3D742b9d022e78a9cB7F,diamond,True,True,True,3.389830508474576,3.676470588235294,16.722408026755854,6.993006993006993,8.680555555555555,7.604562737642586,,9.132420091324201,12.295081967213115,16.06425702811245,,22.099447513812155,,106.65804101013278
0xbF45dd1bCa8067769494B935C69763ca29de85a0,silver,True,False,False,3.389830508474576,,16.722408026755854,,,,,,,,,,,20.112238535230432
0x1083653d83b2e9B147573642540dD80163359129,diamond,True,True,True,3.389830508474576,3.676470588235294,16.722408026755854,6.993006993006993,8.680555555555555,7.604562737642586,31.746031746031747,,12.295081967213115,16.06425702811245,55.55555555555556,,,162.72776070658375
0xd48d664965286ddea41e97784d079de981d099B6,gold,True,True,False,3.389830508474576,3.676470588235294,16.722408026755854,6.993006993006993,8.680555555555555,7.604562737642586,,,,,,,,47.06683440967086
0xCa4Fe3B7150F5E0Dc77CF920f4d577E31e854552,diamond,True,True,True,3.389830508474576,3.676470588235294,16.722408026755854,6.993006993006993,8.680555555555555,7.604562737642586,,9.132420091324201,12.295081967213115,16.06425702811245,,22.099447513812155,,106.65804101013278
0xBF314e9A96E1EA7a9eDBB93F0c50b50E4d348c14,diamond,True,True,True,3.389830508474576,3.676470588235294,16.722408026755854,6.993006993006993,8.680555555555555,7.604562737642586,,9.132420091324201,12.295081967213115,16.06425702811245,,22.099447513812155,,106.65804101013278
0x56aDe75750B3B0f7629e77869B178e2EDD360F29,gold,True,False,True,3.389830508474576,3.676470588235294,16.722408026755854,,,,,9.132420091324201,12.295081967213115,,,,,45.216211182003036
0xF0CBf1B2D0888E744005f5d603a03a5c4aDc31C3,diamond,True,True,True,3.389830508474576,3.676470588235294,16.722408026755854,6.993006993006993,8.680555555555555,7.604562737642586,,9.132420091324201,12.295081967213115,16.06425702811245,,,,84.55859349632063
0xcB898504e45710Eb33948f961030192aFDAd1811,gold,False,True,True,3.389830508474576,,,6.993006993006993,8.680555555555555,7.604562737642586,,,12.295081967213115,16.06425702811245,,22.099447513812155,,77.12674230381744
0xfEA310e868466201E881866e75232e1Bc2B86E0c,diamond,True,True,True,3.389830508474576,3.676470588235294,16.722408026755854,6.993006993006993,8.680555555555555,7.604562737642586,,9.132420091324201,12.295081967213115,16.06425702811245,,,,84.55859349632063
0x1d8BA67D23349ec047c67BA594F626737F245F0c,diamond,True,True,True,3.389830508474576,3.676470588235294,16.722408026755854,6.993006993006993,8.680555555555555,7.604562737642586,31.746031746031747,,,,,22.099447513812155,78.94736842105263,179.8596820905674
0xCF43e9A2F9ED4810de89aE08d88445D8CcF63aB1,diamond,True,True,True,3.389830508474576,3.676470588235294,16.722408026755854,6.993006993006993,8.680555555555555,7.604562737642586,,,12.295081967213115,16.06425702811245,,22.099447513812155,,97.52562091880858
0xC4A6312A5d5af3C03D546fA287fA1F883b3DB749,gold,True,True,False,3.389830508474576,3.676470588235294,16.722408026755854,6.993006993006993,8.680555555555555,7.604562737642586,,,,,,,,47.06683440967086
0x5D0CbF3ABc8701706B36179BcDB0409aA1e44640,diamond,True,True,True,3.389830508474576,3.676470588235294,16.722408026755854,6.993006993006993,8.680555555555555,7.604562737642586,,9.132420091324201,12.295081967213115,16.06425702811245,,22.099447513812155,,106.65804101013278
0x56d53a4402A7b8F4aD027cfb421fF60e865F665b,diamond,True,True,True,3.389830508474576,3.676470588235294,16.722408026755854,6.993006993006993,8.680555555555555,7.604562737642586,,9.132420091324201,12.295081967213115,16.06425702811245,,22.099447513812155,,106.65804101013278
0x0De156cB2202C682B41D3fbE8b785238ecF3F647,diamond,True,True,True,3.389830508474576,3.676470588235294,16.722408026755854,6.993006993006993,8.680555555555555,7.604562737642586,31.746031746031747,9.132420091324201,12.295081967213115,16.06425702811245,55.55555555555556,,,171.86018079790796
0x5d86327428d755f9F6a8b575714c0517B88C2c3a,diamond,True,True,True,3.389830508474576,3.676470588235294,16.722408026755854,6.993006993006993,8.680555555555555,7.604562737642586,,9.132420091324201,12.295081967213115,16.06425702811245,,22.099447513812155,,106.65804101013278
0x664fD1a25ECa57A02cc1d8249dee839b9FD7f755,gold,False,True,True,,,,6.993006993006993,8.680555555555555,7.604562737642586,,9.132420091324201,12.295081967213115,16.06425702811245,,22.099447513812155,,82.86933188666706
0x0bc99b862e5545d181Cc7bFA71720712527aCeEe,diamond,True,True,True,3.389830508474576,3.676470588235294,16.722408026755854,6.993006993006993,8.680555555555555,7.604562737642586,31.746031746031747,,12.295081967213115,16.06425702811245,55.55555555555556,22.099447513812155,78.94736842105263,263.77457664144856
0x09E3c4bf50a15225d4087FE089282CB5506DCce6,diamond,True,True,True,3.389830508474576,3.676470588235294,16.722408026755854,6.993006993006993,8.680555555555555,7.604562737642586,31.746031746031747,9.132420091324201,12.295081967213115,16.06425702811245,55.55555555555556,22.099447513812155,78.94736842105263,272.90699673277277
0x6A9ee69B6781C18164ee9F7C58f1763BcFfC7c51,silver,True,False,False,,,16.722408026755854,,,,,,,,,,,16.722408026755854
0x6FB3071447c444E51F7b282a76f06F811e21D3EC,diamond,True,True,True,3.389830508474576,3.676470588235294,16.722408026755854,6.993006993006993,8.680555555555555,7.604562737642586,,9.132420091324201,12.295081967213115,16.06425702811245,,,,84.55859349632063
0x70e7F221951441B5fbb5B633927790Be4528Ac08,diamond,True,True,True,3.389830508474576,3.676470588235294,16.722408026755854,6.993006993006993,8.680555555555555,7.604562737642586,,9.132420091324201,12.295081967213115,16.06425702811245,,22.099447513812155,,106.65804101013278
0x8c0d5Cf17365Df315b8d334eB5552Be9F7Ff3978,gold,True,True,False,3.389830508474576,3.676470588235294,16.722408026755854,6.993006993006993,8.680555555555555,7.604562737642586,,,,,,,,47.06683440967086
0x616C9F0Aaa13D3587B9Fe6F513DF62522F7D900C,diamond,True,True,True,3.389830508474576,3.676470588235294,16.722408026755854,6.993006993006993,8.680555555555555,7.604562737642586,,9.132420091324201,,16.06425702811245,,,,72.26351152910752
0x9a44142F331C39b610C351d4288cCf2dB8F0E919,diamond,True,True,True,3.389830508474576,3.676470588235294,16.722408026755854,6.993006993006993,8.680555555555555,7.604562737642586,,,,,,22.099447513812155,,69.16628192348301
0x5dFc833B3E853f3e0d8d7B5BB2d2a66dD2B9d061,gold,True,False,True,,,16.722408026755854,,,,,,12.295081967213115,,,22.099447513812155,,51.116937507781124
0x849D046dfb65E7Bd680F5022613c1C8Ae9a52367,diamond,True,True,True,3.389830508474576,3.676470588235294,16.722408026755854,6.993006993006993,8.680555555555555,7.604562737642586,,9.132420091324201,12.295081967213115,16.06425702811245,,22.099447513812155,,106.65804101013278
0x730032E237Da98b513203477FAe4fa3B9b34836C,silver,False,False,True,3.389830508474576,,,,8.680555555555555,,,9.132420091324201,12.295081967213115,16.06425702811245,,,,49.562145150679896
0x03F182ec7474877EC8d830a5Fcb804FD132755c1,diamond,True,True,True,3.389830508474576,3.676470588235294,16.722408026755854,6.993006993006993,8.680555555555555,7.604562737642586,31.746031746031747,9.132420091324201,12.295081967213115,16.06425702811245,55.55555555555556,22.099447513812155,78.94736842105263,272.90699673277277
0xa2AB20E4aA2Cfc44231161C005cBF6fD68BF56a9,diamond,True,True,True,3.389830508474576,3.676470588235294,16.722408026755854,6.993006993006993,8.680555555555555,7.604562737642586,,,,16.06425702811245,,,,63.13109143778331
0x394C82976a57c4309138c072149Ee57Aea16560b,diamond,True,True,True,,,16.722408026755854,6.993006993006993,8.680555555555555,7.604562737642586,31.746031746031747,9.132420091324201,12.295081967213115,16.06425702811245,55.55555555555556,,,164.79387970119808
0x894D0097B2c0cD0695F0fb0E3Aad14Ece1E0E142,diamond,True,True,True,3.389830508474576,3.676470588235294,16.722408026755854,6.993006993006993,8.680555555555555,7.604562737642586,,9.132420091324201,12.295081967213115,16.06425702811245,,,,84.55859349632063
0x559F046932523496A9e8A22372121936706F5633,diamond,True,True,True,3.389830508474576,3.676470588235294,16.722408026755854,6.993006993006993,8.680555555555555,7.604562737642586,,9.132420091324201,12.295081967213115,16.06425702811245,,22.099447513812155,,106.65804101013278
0x75627E9Cd1af20F0cAc03d127fBD0653d906c3B6,silver,False,False,True,3.389830508474576,,,,8.680555555555555,,,9.132420091324201,12.295081967213115,16.06425702811245,,,,49.562145150679896
0x8a1CFc56923a2E02B9fEec98A3a4f9F6e3cEad6b,diamond,True,True,True,3.389830508474576,3.676470588235294,16.722408026755854,6.993006993006993,8.680555555555555,7.604562737642586,,9.132420091324201,12.295081967213115,16.06425702811245,,,,84.55859349632063
0x887Bdd65c4C253A2F176Fa091B558a20eD2a66C2,diamond,True,True,True,3.389830508474576,3.676470588235294,16.722408026755854,6.993006993006993,8.680555555555555,7.604562737642586,,,12.295081967213115,16.06425702811245,,,,75.42617340499643
0xFDd4186383fafd6bD41d0c59eD84708dfDe004ff,diamond,True,True,True,3.389830508474576,3.676470588235294,16.722408026755854,6.993006993006993,8.680555555555555,7.604562737642586,,9.132420091324201,12.295081967213115,16.06425702811245,,,,84.55859349632063
0x65a7De07F2Df7564421b3a942cb0699b357B91cE,diamond,True,True,True,3.389830508474576,3.676470588235294,16.722408026755854,6.993006993006993,8.680555555555555,7.604562737642586,,9.132420091324201,12.295081967213115,16.06425702811245,,22.099447513812155,,106.65804101013278
0xA3176cdB52Dd85290E72B2c486Cf6149ab38Fd32,gold,True,True,False,,,16.722408026755854,6.993006993006993,8.680555555555555,,,,,,,,,32.3959705753184
0xE347d593D62be9D012448F9F7adf6e24954267d5,diamond,True,True,True,3.389830508474576,3.676470588235294,16.722408026755854,6.993006993006993,8.680555555555555,7.604562737642586,,,12.295081967213115,16.06425702811245,,22.099447513812155,,97.52562091880858
0x18376a0E6f2975013D2866407ea4f4e2fF01B510,diamond,True,True,True,3.389830508474576,3.676470588235294,16.722408026755854,6.993006993006993,8.680555555555555,7.604562737642586,31.746031746031747,9.132420091324201,12.295081967213115,16.06425702811245,55.55555555555556,,,171.86018079790796
0xc96b54890f172986F8EdC7AEC6E8C09a53760526,diamond,True,True,True,3.389830508474576,3.676470588235294,16.722408026755854,6.993006993006993,8.680555555555555,7.604562737642586,,9.132420091324201,12.295081967213115,16.06425702811245,,22.099447513812155,,106.65804101013278
0xfC5b2D51fD03b13bF440eb9e0c7B1D94b1b77BB9,silver,True,False,False,3.389830508474576,3.676470588235294,16.722408026755854,6.993006993006993,8.680555555555555,,,,,,,,,39.46227167202827
0xba540Bb14101cBd4170DF90408C0B9EC6c86273c,diamond,True,True,True,3.389830508474576,3.676470588235294,16.722408026755854,6.993006993006993,8.680555555555555,7.604562737642586,,9.132420091324201,12.295081967213115,16.06425702811245,,22.099447513812155,,106.65804101013278
0x0c183b19cf8a07bB4319729150b0b3B4841C0866,diamond,True,True,True,3.389830508474576,3.676470588235294,16.722408026755854,6.993006993006993,8.680555555555555,7.604562737642586,31.746031746031747,9.132420091324201,12.295081967213115,16.06425702811245,55.55555555555556,22.099447513812155,78.94736842105263,272.90699673277277
0x29a65d830516cca6E694be90d3dE3CC19f620eA6,diamond,True,True,True,3.389830508474576,3.676470588235294,16.722408026755854,6.993006993006993,8.680555555555555,7.604562737642586,31.746031746031747,9.132420091324201,,16.06425702811245,55.55555555555556,,,159.5650988306948
0xf455324F5112F4370d30a36dE2AF8255d61d391C,diamond,True,True,True,3.389830508474576,3.676470588235294,16.722408026755854,6.993006993006993,8.680555555555555,7.604562737642586,,9.132420091324201,12.295081967213115,16.06425702811245,,22.099447513812155,,106.65804101013278
0x1c85d6Ae1336D0e4E3F165bbfA9641bfA04CeDb1,gold,True,False,True,3.389830508474576,3.676470588235294,16.722408026755854,6.993006993006993,,7.604562737642586,,9.132420091324201,12.295081967213115,16.06425702811245,,22.099447513812155,,97.97748545457722
0xE456ff3e321be2675A5aEB56b3623586254C3419,diamond,True,True,True,3.389830508474576,3.676470588235294,16.722408026755854,6.993006993006993,8.680555555555555,7.604562737642586,,9.132420091324201,12.295081967213115,16.06425702811245,,22.099447513812155,,106.65804101013278
0xbd0eC71B9aDA90ac6C1428cAfd45fe2fCA367665,silver,True,False,False,3.389830508474576,,16.722408026755854,,,,,,,,,,,20.112238535230432
0xdAf08467BE187fDAD0DB1df64b8cbD20F60AB370,diamond,True,True,True,3.389830508474576,,16.722408026755854,6.993006993006993,8.680555555555555,7.604562737642586,,9.132420091324201,12.295081967213115,16.06425702811245,,,,80.88212290808534
0xb3902CD8318c4648e18dfE6afCE125A331F1A787,diamond,True,True,True,3.389830508474576,3.676470588235294,16.722408026755854,6.993006993006993,8.680555555555555,7.604562737642586,,9.132420091324201,12.295081967213115,16.06425702811245,,,,84.55859349632063
0xF84B9E57628Da8A8167c0f84C266F70Ec0863510,diamond,True,True,True,3.389830508474576,3.676470588235294,16.722408026755854,6.993006993006993,8.680555555555555,7.604562737642586,,9.132420091324201,12.295081967213115,16.06425702811245,,,,84.55859349632063
0xB8b7ea41CFA41eE65623C93cC4f9eb68D80bcA13,diamond,True,True,True,3.389830508474576,3.676470588235294,16.722408026755854,6.993006993006993,8.680555555555555,7.604562737642586,,,12.295081967213115,16.06425702811245,,,,75.42617340499643
0x45E89079Fa328095804e37f9CccEc43780326c3B,diamond,True,True,True,3.389830508474576,3.676470588235294,16.722408026755854,6.993006993006993,8.680555555555555,7.604562737642586,,9.132420091324201,,16.06425702811245,,,,72.26351152910752
0x708D15d6B33B588a38FC9a822EA52B4A4c0f2894,diamond,True,True,True,3.389830508474576,3.676470588235294,16.722408026755854,6.993006993006993,8.680555555555555,7.604562737642586,,9.132420091324201,12.295081967213115,16.06425702811245,,22.099447513812155,,106.65804101013278
0x7342e456947e56250d2851FF467fA7743CCd9fbF,gold,False,True,True,3.389830508474576,,,6.993006993006993,8.680555555555555,7.604562737642586,,9.132420091324201,12.295081967213115,16.06425702811245,,,,64.15971488132948
0x6b73F2b5ddf22A3E190893BBD83e2f0A882a7DaC,gold,True,False,True,3.389830508474576,,16.722408026755854,6.993006993006993,8.680555555555555,,,,,16.06425702811245,,,,51.85005811190543
0x621bc3df852E42e04196bc150D5ae92Dc11D4d8E,silver,False,False,True,,,,6.993006993006993,8.680555555555555,,,9.132420091324201,12.295081967213115,16.06425702811245,,22.099447513812155,,75.26476914902447
0xaca3365a1A6DBA0839b3B56219Cf250eBB9F32f1,diamond,True,True,True,3.389830508474576,3.676470588235294,16.722408026755854,6.993006993006993,8.680555555555555,7.604562737642586,,9.132420091324201,12.295081967213115,16.06425702811245,,22.099447513812155,,106.65804101013278
0xF7e74A9a394226058E14BFc17deafDB76eeBbb25,silver,False,True,False,,,16.722408026755854,6.993006993006993,8.680555555555555,7.604562737642586,,,,,,,,40.00053331296099
0x79d25167E16cA3f9925037CD7a1B3bA4F6e98AA1,diamond,True,True,True,3.389830508474576,3.676470588235294,16.722408026755854,6.993006993006993,8.680555555555555,7.604562737642586,,9.132420091324201,12.295081967213115,16.06425702811245,,22.099447513812155,,106.65804101013278
0x3785F0272F5e19dD2c27977eC2D91195BB2AF801,gold,True,True,False,3.389830508474576,3.676470588235294,16.722408026755854,6.993006993006993,8.680555555555555,7.604562737642586,31.746031746031747,,,,,,,78.81286615570261
0x1B30c84e244361a99Be770Acd57ACE184983c83d,diamond,True,True,True,,,16.722408026755854,6.993006993006993,8.680555555555555,7.604562737642586,31.746031746031747,,,,,,,71.74656505899273
0x195F57B3Ab6698e54a2AfD1324fb3a3F9C76Ff35,gold,True,False,True,3.389830508474576,3.676470588235294,16.722408026755854,6.993006993006993,8.680555555555555,7.604562737642586,,,,,,22.099447513812155,78.94736842105263,148.11365034453564
0x108C07764a22DFCfFD08F0EB1a74e12F57002809,diamond,True,True,True,3.389830508474576,3.676470588235294,16.722408026755854,6.993006993006993,8.680555555555555,7.604562737642586,31.746031746031747,9.132420091324201,12.295081967213115,16.06425702811245,55.55555555555556,22.099447513812155,78.94736842105263,272.90699673277277
0xF422CF49Eb49D93ad6952db28117849BCf44024D,diamond,True,True,True,3.389830508474576,3.676470588235294,16.722408026755854,6.993006993006993,8.680555555555555,7.604562737642586,,9.132420091324201,12.295081967213115,16.06425702811245,,22.099447513812155,,106.65804101013278
0x435AEdDda07F2e0E40E75c940d2d8c88af30FAA8,diamond,True,True,True,3.389830508474576,3.676470588235294,16.722408026755854,6.993006993006993,8.680555555555555,7.604562737642586,31.746031746031747,9.132420091324201,12.295081967213115,16.06425702811245,55.55555555555556,22.099447513812155,78.94736842105263,272.90699673277277
0x8e79fF45fd024a2aD350ae6d4e0AFE12D92C129c,diamond,True,True,True,3.389830508474576,3.676470588235294,16.722408026755854,6.993006993006993,8.680555555555555,7.604562737642586,,9.132420091324201,12.295081967213115,16.06425702811245,,22.099447513812155,,106.65804101013278
0xe80088863766AEE6d80E2Ff6C85A9187F6dd85a6,diamond,True,True,True,3.389830508474576,3.676470588235294,16.722408026755854,6.993006993006993,8.680555555555555,7.604562737642586,,9.132420091324201,12.295081967213115,16.06425702811245,,,,84.55859349632063
0x3C4828237769b75b4cA31c77518232FEFEffD0A8,diamond,True,True,True,3.389830508474576,3.676470588235294,16.722408026755854,6.993006993006993,8.680555555555555,,,9.132420091324201,12.295081967213115,16.06425702811245,55.55555555555556,,,132.50958631423362
0x0057BD83a142Da84B6404616C683e21e7Dd6fA5f,diamond,True,True,True,3.389830508474576,3.676470588235294,16.722408026755854,6.993006993006993,8.680555555555555,7.604562737642586,31.746031746031747,9.132420091324201,12.295081967213115,16.06425702811245,55.55555555555556,22.099447513812155,78.94736842105263,272.90699673277277
0x960cC811e5eF36760f5c679AF90e821B10385e04,diamond,True,True,True,3.389830508474576,3.676470588235294,16.722408026755854,6.993006993006993,8.680555555555555,7.604562737642586,,9.132420091324201,12.295081967213115,16.06425702811245,,22.099447513812155,,106.65804101013278
0x8664CedFBFD62980211ACEfcd4919C72237D801B,diamond,True,True,True,3.389830508474576,3.676470588235294,16.722408026755854,6.993006993006993,8.680555555555555,7.604562737642586,,9.132420091324201,12.295081967213115,,,22.099447513812155,,90.59378398202033
0x9D8c00B16906A78943C66f1F976A98E4e7a36909,diamond,True,True,True,3.389830508474576,3.676470588235294,16.722408026755854,6.993006993006993,8.680555555555555,7.604562737642586,,9.132420091324201,12.295081967213115,16.06425702811245,,22.099447513812155,,106.65804101013278
0xfF659F9c29D69A078f0D868cEb18e9c6E7d8F4Fe,silver,True,False,False,,,16.722408026755854,,,,,9.132420091324201,,,,,,25.854828118080057
0xfEd242184ba67298d7c0E7c228da4512ABcF5e94,diamond,True,True,True,3.389830508474576,3.676470588235294,16.722408026755854,6.993006993006993,8.680555555555555,7.604562737642586,,9.132420091324201,12.295081967213115,16.06425702811245,,22.099447513812155,,106.65804101013278
0x5a154e29580fDdc7f22241eb72066bC25b405044,diamond,True,True,True,3.389830508474576,3.676470588235294,16.722408026755854,6.993006993006993,8.680555555555555,7.604562737642586,,9.132420091324201,12.295081967213115,16.06425702811245,,22.099447513812155,,106.65804101013278
0x508f1b6C5eb1e0F9d48795C848d87288BaE13a46,gold,False,True,True,3.389830508474576,,,6.993006993006993,8.680555555555555,7.604562737642586,,,12.295081967213115,16.06425702811245,,22.099447513812155,,77.12674230381744
0xd24c941f5Edbe451395544658c0dF6dF056c6aD0,diamond,True,True,True,3.389830508474576,,16.722408026755854,6.993006993006993,8.680555555555555,7.604562737642586,,9.132420091324201,,16.06425702811245,,,,68.58704094087221
0x18A428CE0c31584a21CF8ceFDb8849d8013E1994,diamond,True,True,True,3.389830508474576,3.676470588235294,16.722408026755854,6.993006993006993,8.680555555555555,7.604562737642586,31.746031746031747,9.132420091324201,12.295081967213115,16.06425702811245,55.55555555555556,,,171.86018079790796
0xE7228E5631bFd293288dc8EfD5fc2403E581DE2e,diamond,True,True,True,3.389830508474576,3.676470588235294,16.722408026755854,6.993006993006993,8.680555555555555,7.604562737642586,,,,16.06425702811245,,22.099447513812155,,85.23053895159546
0xb39D022eDF05C31e1981f4F4D8137dDa9C57CFaE,diamond,True,True,True,3.389830508474576,3.676470588235294,16.722408026755854,6.993006993006993,8.680555555555555,7.604562737642586,,9.132420091324201,12.295081967213115,16.06425702811245,,22.099447513812155,,106.65804101013278
0xfC97910E9200189265D759d80f25c4f0C691330d,diamond,True,True,True,3.389830508474576,3.676470588235294,16.722408026755854,6.993006993006993,8.680555555555555,7.604562737642586,,9.132420091324201,12.295081967213115,16.06425702811245,,22.099447513812155,,106.65804101013278
0xc8C3e484dDF92069eb3226dF266C2C262902D835,gold,True,False,True,3.389830508474576,3.676470588235294,16.722408026755854,,,,,9.132420091324201,,,,22.099447513812155,,55.02057672860208
0x9a69598EE328149Fb6e36c28639f5e00eFF363c9,diamond,True,True,True,3.389830508474576,3.676470588235294,16.722408026755854,6.993006993006993,8.680555555555555,7.604562737642586,,9.132420091324201,12.295081967213115,16.06425702811245,,22.099447513812155,,106.65804101013278
0x13B0D26d0703Cd7A13a52E4bfb90a48887e559A6,silver,True,False,False,3.389830508474576,3.676470588235294,16.722408026755854,,,,,,,,,,,23.788709123465722
0x88A272392Fdc5180BF7d20B77Cb53BEa57E0f580,silver,True,False,False,3.389830508474576,3.676470588235294,16.722408026755854,6.993006993006993,,7.604562737642586,,,,,,,,38.386278854115304
0x687670E9C58526D673aa22d6aB355d952819aFDF,diamond,True,True,True,3.389830508474576,3.676470588235294,16.722408026755854,6.993006993006993,8.680555555555555,7.604562737642586,,9.132420091324201,12.295081967213115,16.06425702811245,,22.099447513812155,,106.65804101013278
0xe4126Fd057ab2fC08B6cE2621De4C3bc56464101,diamond,True,True,True,3.389830508474576,3.676470588235294,16.722408026755854,6.993006993006993,8.680555555555555,7.604562737642586,,9.132420091324201,12.295081967213115,16.06425702811245,,22.099447513812155,,106.65804101013278
0x1B21B2D0c32618226f9745340bCAe30AE4B507f3,diamond,True,True,True,3.389830508474576,3.676470588235294,16.722408026755854,6.993006993006993,8.680555555555555,7.604562737642586,31.746031746031747,,12.295081967213115,,,,,91.10794812291573
0xB6D2e7EfEFce4c13ef98b1A69C0677725B08BabA,diamond,True,True,True,3.389830508474576,3.676470588235294,16.722408026755854,6.993006993006993,8.680555555555555,7.604562737642586,,9.132420091324201,12.295081967213115,16.06425702811245,,22.099447513812155,,106.65804101013278
0x7d3a7Ad44bFcFc0962709ECE4c149128717906B8,diamond,True,True,True,3.389830508474576,3.676470588235294,16.722408026755854,6.993006993006993,8.680555555555555,7.604562737642586,,,12.295081967213115,16.06425702811245,,,,75.42617340499643
0x407f9e8c06371b9F2b2fAA4F98c233253d817308,gold,True,True,False,3.389830508474576,3.676470588235294,16.722408026755854,6.993006993006993,8.680555555555555,7.604562737642586,31.746031746031747,9.132420091324201,,,,,,87.94528624702681
0xcCe76ffDc7C7c643e0Dc54B89e4117dC83dEd29F,diamond,True,True,True,3.389830508474576,3.676470588235294,16.722408026755854,6.993006993006993,8.680555555555555,7.604562737642586,,,,,,22.099447513812155,,69.16628192348301
0xE0e03ba22E14776DC972a50E6CcA5cEEdb3b972C,diamond,True,True,True,3.389830508474576,3.676470588235294,16.722408026755854,6.993006993006993,8.680555555555555,7.604562737642586,31.746031746031747,9.132420091324201,12.295081967213115,16.06425702811245,55.55555555555556,22.099447513812155,78.94736842105263,272.90699673277277
0x489eF5FC27e7BbFa4cfa1C8D5eC197dA3D1BAE54,diamond,True,True,True,3.389830508474576,3.676470588235294,16.722408026755854,6.993006993006993,8.680555555555555,,,9.132420091324201,12.295081967213115,16.06425702811245,,22.099447513812155,,99.0534782724902
0x852926150De3854D61319021BD88F239C1Cc4C38,diamond,True,True,True,3.389830508474576,3.676470588235294,16.722408026755854,6.993006993006993,8.680555555555555,7.604562737642586,,,12.295081967213115,,,22.099447513812155,,81.46136389069613
0x9803186B0DCD7833F1d24739C27e84063f7e891A,diamond,True,True,True,3.389830508474576,3.676470588235294,16.722408026755854,6.993006993006993,8.680555555555555,7.604562737642586,,9.132420091324201,12.295081967213115,16.06425702811245,,22.099447513812155,,106.65804101013278
0x872A88CcD04Dc4F7ecebECB89a71A78C42B43Fac,silver,False,False,True,3.389830508474576,,,,8.680555555555555,,,9.132420091324201,12.295081967213115,16.06425702811245,,,,49.562145150679896
0x6C9228B29795802374855Eb8be3A086AA11a5AA5,diamond,True,True,True,3.389830508474576,3.676470588235294,16.722408026755854,6.993006993006993,8.680555555555555,7.604562737642586,,9.132420091324201,12.295081967213115,16.06425702811245,,22.099447513812155,,106.65804101013278
0xf89be918c3d9989DD1e454bd21E1fc3aFb7E6EEB,diamond,True,True,True,3.389830508474576,3.676470588235294,16.722408026755854,6.993006993006993,8.680555555555555,7.604562737642586,,9.132420091324201,12.295081967213115,16.06425702811245,,22.099447513812155,,106.65804101013278
0x26E16d39C35db596F3bCc0C4a681A4B695E03AA0,gold,True,True,False,3.389830508474576,3.676470588235294,16.722408026755854,6.993006993006993,8.680555555555555,7.604562737642586,31.746031746031747,9.132420091324201,,16.06425702811245,55.55555555555556,22.099447513812155,78.94736842105263,260.6119147655596
0xe2F3c30B753F71BDBF1258D6e09FD3D2adF549dB,diamond,True,True,True,3.389830508474576,3.676470588235294,16.722408026755854,6.993006993006993,8.680555555555555,7.604562737642586,,9.132420091324201,12.295081967213115,16.06425702811245,,22.099447513812155,,106.65804101013278
0x14E2Db3B0cFFC333fCC2B6522365af893fb38161,diamond,True,True,True,3.389830508474576,3.676470588235294,16.722408026755854,6.993006993006993,8.680555555555555,7.604562737642586,31.746031746031747,9.132420091324201,12.295081967213115,16.06425702811245,55.55555555555556,,,171.86018079790796
0xE000adB6f47C7461694Bcb69Bf51BAB8087D819d,silver,True,False,False,3.389830508474576,3.676470588235294,16.722408026755854,,,,,9.132420091324201,12.295081967213115,,,22.099447513812155,,67.31565869581519
0x3CEFb79aF1F4126DC679D52f5f7458A25CE74B42,silver,True,False,False,,,16.722408026755854,,,,,,,,,,,16.722408026755854
0x273D4e93eeEf5a494206c072ffF70f6Ea7D7afC4,silver,False,False,True,3.389830508474576,3.676470588235294,,,,,,,,,,22.099447513812155,,29.165748610522023
0x726d07eA7b1983f35055bB288Af78E7480bD1242,diamond,True,True,True,3.389830508474576,3.676470588235294,16.722408026755854,6.993006993006993,8.680555555555555,7.604562737642586,,9.132420091324201,12.295081967213115,16.06425702811245,,,,84.55859349632063
0xf1Fa3853CbaAbdB71374D4A3CA9A8cb6ef6D7Cd1,gold,False,True,True,3.389830508474576,3.676470588235294,,6.993006993006993,8.680555555555555,7.604562737642586,,9.132420091324201,12.295081967213115,16.06425702811245,,,,67.83618546956478
0x6f25320321E0FCc6CefEA38c8504F127812eF7aD,diamond,True,True,True,3.389830508474576,3.676470588235294,16.722408026755854,6.993006993006993,8.680555555555555,7.604562737642586,,9.132420091324201,12.295081967213115,16.06425702811245,,22.099447513812155,,106.65804101013278
0x363951773D40a61fa5587A1043EE80586db302D0,diamond,True,True,True,3.389830508474576,3.676470588235294,16.722408026755854,6.993006993006993,8.680555555555555,7.604562737642586,31.746031746031747,,12.295081967213115,16.06425702811245,55.55555555555556,,,162.72776070658375
0x6E2a2acC7253d38e0891F439a9815bEd3771E305,diamond,True,True,True,3.389830508474576,3.676470588235294,16.722408026755854,6.993006993006993,8.680555555555555,7.604562737642586,,9.132420091324201,,16.06425702811245,,,,72.26351152910752
0xafD1798233fbCD623EeA576A80d555Fe9c501b45,diamond,True,True,True,3.389830508474576,3.676470588235294,16.722408026755854,6.993006993006993,8.680555555555555,7.604562737642586,31.746031746031747,9.132420091324201,12.295081967213115,16.06425702811245,55.55555555555556,22.099447513812155,78.94736842105263,272.90699673277277
0xb46A2Fd67e275B1dbb1F6c1B55C26ECc3AFF1AA2,diamond,True,True,True,3.389830508474576,3.676470588235294,16.722408026755854,6.993006993006993,8.680555555555555,7.604562737642586,,9.132420091324201,12.295081967213115,16.06425702811245,,22.099447513812155,,106.65804101013278
0xB817F347Cc5dC77DabEb45Dc071Dc4cA80b28E16,diamond,True,True,True,3.389830508474576,3.676470588235294,16.722408026755854,6.993006993006993,8.680555555555555,7.604562737642586,,,12.295081967213115,16.06425702811245,,,,75.42617340499643
0x9254Dc142566bBdefA0D44411D67cC47d3cE41Bf,diamond,True,True,True,3.389830508474576,,16.722408026755854,6.993006993006993,8.680555555555555,,,9.132420091324201,12.295081967213115,16.06425702811245,,,,73.27756017044274
0x3749Ac4c96c9D92DFF122f7822e2Db9dD4cc7D15,gold,True,True,False,3.389830508474576,3.676470588235294,16.722408026755854,6.993006993006993,8.680555555555555,7.604562737642586,31.746031746031747,,12.295081967213115,,,,,91.10794812291573
0x5bFfCD8F4809E29bCAcE4C9c21e0C3b6963eCec1,diamond,True,True,True,3.389830508474576,3.676470588235294,16.722408026755854,6.993006993006993,8.680555555555555,7.604562737642586,,9.132420091324201,12.295081967213115,16.06425702811245,,22.099447513812155,,106.65804101013278
0xD8b00122B6CC0d44Fb3198fB675635272d516B7F,diamond,True,True,True,3.389830508474576,3.676470588235294,16.722408026755854,6.993006993006993,8.680555555555555,7.604562737642586,,9.132420091324201,12.295081967213115,16.06425702811245,,22.099447513812155,,106.65804101013278
0xC5232A75366a9b40a616aA606636548db716f038,silver,False,True,False,,,,6.993006993006993,8.680555555555555,,31.746031746031747,,,,,,,47.4195942945943
0x6629DB6b40057e29d0593D895A350df94DC1e99A,diamond,True,True,True,3.389830508474576,3.676470588235294,16.722408026755854,6.993006993006993,8.680555555555555,7.604562737642586,,9.132420091324201,12.295081967213115,16.06425702811245,,22.099447513812155,,106.65804101013278
0x90F659686262A2149dfEB4B6eF88Edc8Fcc4e05A,diamond,True,True,True,3.389830508474576,3.676470588235294,16.722408026755854,6.993006993006993,8.680555555555555,7.604562737642586,,9.132420091324201,12.295081967213115,16.06425702811245,,,,84.55859349632063
0x617C716cd4eeF3D20d5a0CACAC9518647Bb19173,diamond,True,True,True,3.389830508474576,3.676470588235294,16.722408026755854,6.993006993006993,8.680555555555555,7.604562737642586,,,,,,22.099447513812155,,69.16628192348301
0xb996F5f0Be1Dc903d39F0256DF7a47d59EdD5e2f,diamond,True,True,True,3.389830508474576,3.676470588235294,16.722408026755854,6.993006993006993,8.680555555555555,,,9.132420091324201,12.295081967213115,16.06425702811245,,,,76.95403075867804
0xf07ffbAf4a7999FfFAB3dDB47e7f74364B6Fd578,diamond,True,True,True,3.389830508474576,3.676470588235294,16.722408026755854,6.993006993006993,8.680555555555555,7.604562737642586,,9.132420091324201,12.295081967213115,16.06425702811245,,,,84.55859349632063
0x557364BA5DF09db866cB81578D14a91698296f7C,silver,False,False,True,3.389830508474576,,,,8.680555555555555,,,9.132420091324201,12.295081967213115,16.06425702811245,,,,49.562145150679896
0xB6BF464940220C4202CD22674D3D1DA225C9923F,silver,True,False,False,3.389830508474576,3.676470588235294,16.722408026755854,,,,,,,,,,,23.788709123465722
0x86364F69723ED131b89d2e28c6457E02Ad0D8AA9,diamond,True,True,True,3.389830508474576,3.676470588235294,16.722408026755854,6.993006993006993,8.680555555555555,7.604562737642586,,9.132420091324201,12.295081967213115,16.06425702811245,,22.099447513812155,,106.65804101013278
0x71B5C30C3dd69A8b8eD7A5FA7952Bd305F19B5B3,diamond,True,True,True,3.389830508474576,3.676470588235294,16.722408026755854,6.993006993006993,8.680555555555555,7.604562737642586,,9.132420091324201,12.295081967213115,16.06425702811245,,22.099447513812155,,106.65804101013278
0x6131B31607DC3e26fC28e46FA21B958C2b2B215E,diamond,True,True,True,3.389830508474576,3.676470588235294,16.722408026755854,6.993006993006993,8.680555555555555,7.604562737642586,,9.132420091324201,12.295081967213115,16.06425702811245,,22.099447513812155,,106.65804101013278
0x83AE2B590E4c1702eb734437188CCb9800Ff9cbe,diamond,True,True,True,3.389830508474576,3.676470588235294,16.722408026755854,6.993006993006993,8.680555555555555,7.604562737642586,,9.132420091324201,12.295081967213115,16.06425702811245,,22.099447513812155,,106.65804101013278
0x697D13930A51A7a9DedE42e48FCB0b7043918917,diamond,True,True,True,3.389830508474576,3.676470588235294,16.722408026755854,6.993006993006993,8.680555555555555,7.604562737642586,,9.132420091324201,12.295081967213115,16.06425702811245,,,,84.55859349632063
0x41B5E94afE65DA9B842f35386f5BbA776652Ce96,gold,True,True,False,3.389830508474576,3.676470588235294,16.722408026755854,6.993006993006993,8.680555555555555,7.604562737642586,31.746031746031747,,,,,,,78.81286615570261
0x0E544457812A698fF051B5fe1859Df6836214BB1,diamond,True,True,True,3.389830508474576,3.676470588235294,16.722408026755854,6.993006993006993,8.680555555555555,7.604562737642586,31.746031746031747,9.132420091324201,12.295081967213115,16.06425702811245,55.55555555555556,22.099447513812155,78.94736842105263,272.90699673277277
0xA18dBeC3374a7C86Cb1e27D9474c2908EF407C62,diamond,True,True,True,3.389830508474576,3.676470588235294,16.722408026755854,6.993006993006993,8.680555555555555,7.604562737642586,,,,,,22.099447513812155,,69.16628192348301
0xa5E1532162ca1948a5D6a1832Fe6CEB8dF323C30,diamond,True,True,True,3.389830508474576,3.676470588235294,16.722408026755854,6.993006993006993,8.680555555555555,7.604562737642586,,,12.295081967213115,16.06425702811245,,22.099447513812155,,97.52562091880858
0x4557144F54Bc5D129a875a532C21Db18481900EE,diamond,True,True,True,3.389830508474576,3.676470588235294,16.722408026755854,6.993006993006993,8.680555555555555,7.604562737642586,,9.132420091324201,12.295081967213115,16.06425702811245,,,,84.55859349632063
0x5af27e3663C17e1b641D2698a1270A1FC7A20C59,diamond,True,True,True,3.389830508474576,3.676470588235294,16.722408026755854,6.993006993006993,8.680555555555555,7.604562737642586,,9.132420091324201,12.295081967213115,16.06425702811245,,,,84.55859349632063
0x0Aead38a4f99f8dAe8944d31EB703B6C7CeC4381,diamond,True,True,True,3.389830508474576,3.676470588235294,16.722408026755854,6.993006993006993,8.680555555555555,7.604562737642586,31.746031746031747,9.132420091324201,12.295081967213115,16.06425702811245,55.55555555555556,22.099447513812155,78.94736842105263,272.90699673277277
0x5Fb811A8BbCAF5F9D9b503EE045e25aD7E3D90f4,diamond,True,True,True,3.389830508474576,3.676470588235294,16.722408026755854,6.993006993006993,8.680555555555555,7.604562737642586,,9.132420091324201,12.295081967213115,16.06425702811245,,22.099447513812155,,106.65804101013278
0x765CE21d34164B4ef7B362c3835f60a711b5F554,diamond,True,True,True,3.389830508474576,3.676470588235294,16.722408026755854,6.993006993006993,8.680555555555555,7.604562737642586,,9.132420091324201,12.295081967213115,16.06425702811245,,,,84.55859349632063
0x65C13724928ea0AfA68e09c7b70449bB8f6f3Fc8,diamond,True,True,True,3.389830508474576,3.676470588235294,16.722408026755854,6.993006993006993,8.680555555555555,7.604562737642586,,9.132420091324201,12.295081967213115,16.06425702811245,,22.099447513812155,,106.65804101013278
0xB1546001b79B56Fdb5c4FE0C3bea6AF2fD0359e1,diamond,True,True,True,3.389830508474576,3.676470588235294,16.722408026755854,6.993006993006993,8.680555555555555,7.604562737642586,,9.132420091324201,12.295081967213115,16.06425702811245,,22.099447513812155,,106.65804101013278
0x4a2Dd4b190B6Dee6939709278b659eD5Ffcb9d92,diamond,True,True,True,3.389830508474576,3.676470588235294,16.722408026755854,6.993006993006993,8.680555555555555,7.604562737642586,,,12.295081967213115,16.06425702811245,,,,75.42617340499643
0xC846b4532249Ba200a2f40b011aA8A770266baC2,silver,True,False,False,3.389830508474576,3.676470588235294,16.722408026755854,,,,,,,,,,,23.788709123465722
0x42f7061ee77094E31F5aC69E6F76D8054bB7495F,diamond,True,True,True,3.389830508474576,3.676470588235294,16.722408026755854,6.993006993006993,8.680555555555555,7.604562737642586,31.746031746031747,9.132420091324201,12.295081967213115,16.06425702811245,55.55555555555556,22.099447513812155,78.94736842105263,272.90699673277277
0x26945aD8bf9671c175776371A071a7D9c2d42AA7,diamond,True,True,True,3.389830508474576,3.676470588235294,16.722408026755854,6.993006993006993,8.680555555555555,7.604562737642586,31.746031746031747,9.132420091324201,12.295081967213115,16.06425702811245,55.55555555555556,22.099447513812155,78.94736842105263,272.90699673277277
0x86DF6fB7D87Cad5683a4b148F1E5aFa6cb4633ED,gold,True,True,False,3.389830508474576,3.676470588235294,16.722408026755854,6.993006993006993,8.680555555555555,7.604562737642586,,,,,,,,47.06683440967086
0x205c211A68E0b8C1a97D61b0B09099231b3C160D,gold,True,False,True,3.389830508474576,3.676470588235294,16.722408026755854,,,,,9.132420091324201,12.295081967213115,16.06425702811245,55.55555555555556,,,116.83602376567104
0x219d4Eb4B62972862a6B38D130427aA92eaE1a69,diamond,True,True,True,3.389830508474576,3.676470588235294,16.722408026755854,6.993006993006993,8.680555555555555,7.604562737642586,31.746031746031747,9.132420091324201,12.295081967213115,16.06425702811245,55.55555555555556,,,171.86018079790796
0x880DD3c3B9d1bFCc2667C8a613Efc19c0Da14d68,diamond,True,True,True,3.389830508474576,3.676470588235294,16.722408026755854,6.993006993006993,8.680555555555555,7.604562737642586,,,,,,22.099447513812155,,69.16628192348301
0x73018f39C3B9652601EA12BD7F42f3F921198C4A,diamond,True,True,True,3.389830508474576,3.676470588235294,16.722408026755854,6.993006993006993,8.680555555555555,7.604562737642586,,,12.295081967213115,16.06425702811245,,22.099447513812155,,97.52562091880858
0xE6388E11B9B27e9A0D48e7dE6ed8314fbF14074f,gold,True,False,True,3.389830508474576,3.676470588235294,16.722408026755854,,,,,,,,,,,23.788709123465722
0xC1196C46559203fe1e3ffE05009fdE59795A6385,diamond,True,True,True,3.389830508474576,3.676470588235294,16.722408026755854,6.993006993006993,8.680555555555555,7.604562737642586,,9.132420091324201,12.295081967213115,16.06425702811245,,,,84.55859349632063
0x41DF0d7108aA67Aa76D8072a91Edc2FDdBc9783a,gold,True,False,True,3.389830508474576,3.676470588235294,16.722408026755854,6.993006993006993,,7.604562737642586,31.746031746031747,9.132420091324201,12.295081967213115,16.06425702811245,55.55555555555556,,,163.17962524235236
0xb0D8f67600b6DaEE83d7BdfBFe0091098a545AA6,diamond,True,True,True,3.389830508474576,3.676470588235294,16.722408026755854,6.993006993006993,8.680555555555555,7.604562737642586,,9.132420091324201,12.295081967213115,16.06425702811245,,22.099447513812155,,106.65804101013278
0x639FaD44e324329a726cc1845A4B7f3AB2ac1DAb,diamond,True,True,True,3.389830508474576,3.676470588235294,16.722408026755854,6.993006993006993,8.680555555555555,7.604562737642586,,9.132420091324201,12.295081967213115,16.06425702811245,,22.099447513812155,,106.65804101013278
0x5DE853CB6813f9Aefd25635776139d8C0AAaF77A,diamond,True,True,True,3.389830508474576,3.676470588235294,16.722408026755854,6.993006993006993,8.680555555555555,7.604562737642586,,,,,,22.099447513812155,,69.16628192348301
0x9CCB89c59E0040Fe96814D02832Ed6533cBADA55,diamond,True,True,True,3.389830508474576,3.676470588235294,16.722408026755854,6.993006993006993,8.680555555555555,7.604562737642586,,9.132420091324201,12.295081967213115,16.06425702811245,,22.099447513812155,,106.65804101013278
0x1D932E6489B5e4091eE078db497799237b354191,diamond,True,True,True,,,16.722408026755854,6.993006993006993,8.680555555555555,,,,,,,22.099447513812155,78.94736842105263,133.44278651018317
0x811df83148fA178c1Fa9f80B9F07e1DdA5a9c191,gold,True,False,True,3.389830508474576,3.676470588235294,16.722408026755854,,8.680555555555555,7.604562737642586,,,12.295081967213115,16.06425702811245,,,,68.43316641198942
0x4eB68eCF77639E64C9ED0826978940Fec1BE9F3f,gold,False,True,True,,,,6.993006993006993,8.680555555555555,7.604562737642586,,9.132420091324201,12.295081967213115,16.06425702811245,,22.099447513812155,,82.86933188666706
0xeFC05B0D0C8bE8D4Cb3a220ef582E9f7E6FBCd00,diamond,True,True,True,3.389830508474576,3.676470588235294,16.722408026755854,6.993006993006993,8.680555555555555,7.604562737642586,31.746031746031747,,12.295081967213115,16.06425702811245,55.55555555555556,22.099447513812155,78.94736842105263,263.77457664144856
0x1ccceDE48295654B7e48333b47f54d24C4d612D9,diamond,True,True,True,3.389830508474576,3.676470588235294,16.722408026755854,6.993006993006993,8.680555555555555,7.604562737642586,,9.132420091324201,12.295081967213115,16.06425702811245,,,,84.55859349632063
0x7dC005B44859EF5e1C66F99138Acc57796bd5B42,diamond,True,True,True,3.389830508474576,3.676470588235294,16.722408026755854,6.993006993006993,8.680555555555555,7.604562737642586,,9.132420091324201,12.295081967213115,16.06425702811245,,22.099447513812155,,106.65804101013278
0xA3EA3d64A05B91A08D0B04fCCc4c8D8787F38Cee,diamond,True,True,True,3.389830508474576,3.676470588235294,16.722408026755854,6.993006993006993,8.680555555555555,7.604562737642586,,,,,,22.099447513812155,,69.16628192348301
0x0e7D12Cd0B9d51E79bfCDd72c35f3dFfAe5abd67,diamond,True,True,True,3.389830508474576,3.676470588235294,16.722408026755854,6.993006993006993,8.680555555555555,7.604562737642586,31.746031746031747,9.132420091324201,12.295081967213115,16.06425702811245,55.55555555555556,22.099447513812155,78.94736842105263,272.90699673277277
0x35e939c53B208CCec114c6b92f6d754b023dff4D,diamond,True,True,True,3.389830508474576,3.676470588235294,16.722408026755854,6.993006993006993,8.680555555555555,7.604562737642586,31.746031746031747,9.132420091324201,12.295081967213115,16.06425702811245,55.55555555555556,22.099447513812155,78.94736842105263,272.90699673277277
0x4b554240D58a9D75326F8031B7087903034E66FC,gold,True,False,True,3.389830508474576,3.676470588235294,16.722408026755854,6.993006993006993,8.680555555555555,,,9.132420091324201,12.295081967213115,16.06425702811245,,,,76.95403075867804
0xefc2d75947Db60f1F3C5E6a87D60E5263a70dBA4,diamond,True,True,True,3.389830508474576,3.676470588235294,16.722408026755854,6.993006993006993,8.680555555555555,7.604562737642586,,9.132420091324201,12.295081967213115,16.06425702811245,,22.099447513812155,,106.65804101013278
0xcA2dead8B1EEE1B6809169a982eef01ABcE24078,diamond,True,True,True,3.389830508474576,3.676470588235294,16.722408026755854,6.993006993006993,8.680555555555555,7.604562737642586,,9.132420091324201,12.295081967213115,16.06425702811245,,,,84.55859349632063
0x27643f4e2B35A18BCD55252e88F13039F4F81927,diamond,True,True,True,3.389830508474576,3.676470588235294,16.722408026755854,6.993006993006993,8.680555555555555,7.604562737642586,31.746031746031747,9.132420091324201,12.295081967213115,16.06425702811245,55.55555555555556,22.099447513812155,78.94736842105263,272.90699673277277
0xe876380454F0f501021f38CC82CE545710812d0a,diamond,True,True,True,3.389830508474576,3.676470588235294,16.722408026755854,6.993006993006993,8.680555555555555,7.604562737642586,,,,,,22.099447513812155,,69.16628192348301
0x580E63816EFC25F4eFFb6cC4386f766bA33DcA2C,diamond,True,True,True,3.389830508474576,3.676470588235294,16.722408026755854,6.993006993006993,8.680555555555555,7.604562737642586,,9.132420091324201,12.295081967213115,16.06425702811245,,22.099447513812155,,106.65804101013278
0x3BC78C5FB49F5A50aED564DABea2512B0fAd37E6,diamond,True,True,True,3.389830508474576,,16.722408026755854,6.993006993006993,8.680555555555555,,31.746031746031747,9.132420091324201,12.295081967213115,16.06425702811245,55.55555555555556,,,160.57914747203006
0x62c3852419a71d70Ff05fDEF83CDdABde533b3e4,,,,,,,,6.993006993006993,8.680555555555555,,,,,,,,,15.673562548562549
0xefA168D4231b1eD0711260360647DB6281c1EbBb,,,,,,,,6.993006993006993,,,,,,,,,,6.993006993006993
0x956290cae406BF01a4047035f1a8975Eed11D1E4,,,,,,,,6.993006993006993,,,,,,,,,,6.993006993006993
