1;;2
0x6704b31fbf1ce359b61e30f7010e7963e48df0ad;=;1
0xcacc286d4c967148fb4fa9baedd7b7e68e5cfc68;=;1
0x8b43c66546fd35cdae38bf457cbed3fff38fa728;=;1
0x7fe94e61769ade9f3857fedcf605b390f6dcb265;=;1
0x6291940d0cabb244c9d7a4f248adb6caf4740e12;=;1
0xed1fd7b9338bba25625ffa75e2219dfa31e0e95f;=;1
0xb0de16e4a22bb624414d5baa0d3626c10e936d50;=;1
0xd92ba9ec2aaa7cf42cdb5f1f3bb9fbb9d2639250;=;1
0x045795ff0b8c353290a900654514032e92c289b7;=;1
0x09dc9276f0dbafb99888bcf54951fc4bfcceb920;=;1
0xb39d022edf05c31e1981f4f4d8137dda9c57cfae;=;1
0x3ad2c056ad56a651310832446990ebac189fbee8;=;1
0xbea4749947b782a9e9ed98230859bf9784a1eb2d;=;1
0x79bf14a89d431124196be0aac61d290aad69f2f8;=;1
0x1405fc8ce8cd8d185e01f3939eeb0ab868308514;=;1
0xd273485bdedeb856083dde9a8b293aa556cf8178;=;1
0x468d5c6f4b19c19226593064d80ec42c09b72e66;=;1
0x36ba12ed18d97c8897243f85693459b5d00c3246;=;1
0x39432039ddbd6fc67668386c897e54c1c5554ce4;=;1
0xaa19f5ef36ad4eaa3fccc0aa3228abbadf676b45;=;1
0xddf427891d0d9790fc2ae5d52786eb86ef5691a0;=;1
0x85553c73886977397c0eb6231ac95f86015ece9a;=;1
0xba171bb8246f57dd1f20bd2164a549e99c6b42a3;=;1
0x42ae9bb3f1293b8dd7de931c64c3c3ad105c1c94;=;1
0x4d3a4a71c8c5bb0f8549eebbba224cfcefbc7bb6;=;1
0x165f89265e8f482760d7bb68c61583d36a4cc21c;=;1
0x45cbc152835083a04561065bcdc29141592cd40c;=;1
0x302df9380898e6d868018cd7d80c4ae0828802f1;=;1
0x2b1d764569c4788837c6952398b1b5369483b06d;=;1
0x56a5a56bd7c6e13a1885fe7d3df199696d23c8a0;=;1
0xccf9a2f4b558d0a23d2f678adf2de1dc52fa343e;=;1
0xbf810ba4b12a63ce38e82d5e65af1156672969f5;=;1
0xbde416fd3d4a35216c617d90794795755000f5ca;=;1
0xe9298abb48e12a4baca6d1a9aa053bca73f6946e;=;1
0x3057088ea01306c4da4f64c8a08f14e9e541b238;=;1
0x6ce67ff0bba4878a6c7c6c65d7157369d1988d97;=;1
0x229d04138522196892bf714055525827b310c2ef;=;1
0xed682972bc0d52c9f9e20409a5fa6108052fd5cd;=;1
0x749b3e49dfea1c6201cb3516626102efd23a2567;=;1
0x7eba274d01c609959afd6ea8005cd695b3a62b18;=;1
0x1225f0be3ca3bb25fefe9631a50f2136182105a5;=;1
0xb931d769b1a4856842d517bec527ec30e0fe217f;=;1
0x4cb333f3eb7a0ef9e4c570a6b1c117bd1ad8de16;=;1
0x98bae1235e455e182cd7ce25cb393cc22433ee4f;=;1
0x7f9e4163d4d15ffcc3856169eb16109ec4330833;=;1
0x5f291e2317fd7bdf051f1ab345e26c9986ee2428;=;1
0x8d313be9a5f5abb56e696d2bb2e5ea2673e326c6;=;1
0xb29dbc6c47d74eb78365ae3a54b1fa12cacb5cef;=;1
0x37b5c1a4ed75215eaa6848f6415abe8677a3f302;=;1
0xe6c5bbe021b31ad681cb2dceb8ad1889868c0f0e;=;1
0x16ad333d14dd99c0ff92f523d56ef4b76033c984;=;1
